event_id,date,oni_season,oni_anomaly,enso_phase
564702,2015-04-01,MAM,0.81,El Nino
564703,2015-04-01,MAM,0.81,El Nino
564704,2015-04-01,MAM,0.81,El Nino
564706,2015-04-01,MAM,0.81,El Nino
564705,2015-04-01,MAM,0.81,El Nino
564707,2015-04-01,MAM,0.81,El Nino
566660,2015-04-01,MAM,0.81,El Nino
564708,2015-04-01,MAM,0.81,El Nino
566661,2015-04-01,MAM,0.81,El Nino
566663,2015-04-01,MAM,0.81,El Nino
566666,2015-04-01,MAM,0.81,El Nino
566669,2015-04-01,MAM,0.81,El Nino
566664,2015-04-01,MAM,0.81,El Nino
566673,2015-04-01,MAM,0.81,El Nino
566675,2015-04-01,MAM,0.81,El Nino
566683,2015-04-01,MAM,0.81,El Nino
566685,2015-04-01,MAM,0.81,El Nino
566698,2015-04-01,MAM,0.81,El Nino
566699,2015-04-01,MAM,0.81,El Nino
566700,2015-04-01,MAM,0.81,El Nino
566701,2015-04-01,MAM,0.81,El Nino
566703,2015-04-01,MAM,0.81,El Nino
566704,2015-04-01,MAM,0.81,El Nino
566747,2015-04-01,MAM,0.81,El Nino
566706,2015-04-01,MAM,0.81,El Nino
566707,2015-04-01,MAM,0.81,El Nino
564709,2015-04-01,MAM,0.81,El Nino
564714,2015-04-01,MAM,0.81,El Nino
566717,2015-04-01,MAM,0.81,El Nino
569334,2015-04-01,MAM,0.81,El Nino
566716,2015-04-01,MAM,0.81,El Nino
564712,2015-04-01,MAM,0.81,El Nino
564711,2015-04-01,MAM,0.81,El Nino
564710,2015-04-01,MAM,0.81,El Nino
564716,2015-04-01,MAM,0.81,El Nino
564715,2015-04-01,MAM,0.81,El Nino
564713,2015-04-01,MAM,0.81,El Nino
569325,2015-04-01,MAM,0.81,El Nino
569329,2015-04-01,MAM,0.81,El Nino
564720,2015-04-01,MAM,0.81,El Nino
564718,2015-04-01,MAM,0.81,El Nino
564717,2015-04-01,MAM,0.81,El Nino
564719,2015-04-01,MAM,0.81,El Nino
564721,2015-04-01,MAM,0.81,El Nino
566719,2015-04-01,MAM,0.81,El Nino
566720,2015-04-01,MAM,0.81,El Nino
566721,2015-04-01,MAM,0.81,El Nino
566725,2015-04-01,MAM,0.81,El Nino
566727,2015-04-01,MAM,0.81,El Nino
566726,2015-04-01,MAM,0.81,El Nino
558324,2015-04-01,MAM,0.81,El Nino
569343,2015-04-01,MAM,0.81,El Nino
569346,2015-04-01,MAM,0.81,El Nino
569347,2015-04-01,MAM,0.81,El Nino
564734,2015-04-01,MAM,0.81,El Nino
569335,2015-04-01,MAM,0.81,El Nino
569336,2015-04-01,MAM,0.81,El Nino
569337,2015-04-01,MAM,0.81,El Nino
569338,2015-04-01,MAM,0.81,El Nino
565631,2015-04-01,MAM,0.81,El Nino
570937,2015-05-01,AMJ,1.02,El Nino
570936,2015-05-01,AMJ,1.02,El Nino
582701,2015-06-01,MJJ,1.25,El Nino
575804,2015-06-01,MJJ,1.25,El Nino
575808,2015-06-01,MJJ,1.25,El Nino
579525,2015-06-01,MJJ,1.25,El Nino
576534,2015-06-01,MJJ,1.25,El Nino
576536,2015-06-01,MJJ,1.25,El Nino
576537,2015-06-01,MJJ,1.25,El Nino
576538,2015-06-01,MJJ,1.25,El Nino
579552,2015-06-01,MJJ,1.25,El Nino
579557,2015-06-01,MJJ,1.25,El Nino
579554,2015-06-01,MJJ,1.25,El Nino
574805,2015-06-01,MJJ,1.25,El Nino
583509,2015-07-01,JJA,1.57,El Nino
583510,2015-07-01,JJA,1.57,El Nino
583512,2015-07-01,JJA,1.57,El Nino
583635,2015-07-01,JJA,1.57,El Nino
583637,2015-07-01,JJA,1.57,El Nino
583638,2015-07-01,JJA,1.57,El Nino
583639,2015-07-01,JJA,1.57,El Nino
583526,2015-07-01,JJA,1.57,El Nino
583569,2015-07-01,JJA,1.57,El Nino
583547,2015-07-01,JJA,1.57,El Nino
583553,2015-07-01,JJA,1.57,El Nino
583640,2015-07-01,JJA,1.57,El Nino
583556,2015-07-01,JJA,1.57,El Nino
583559,2015-07-01,JJA,1.57,El Nino
583560,2015-07-01,JJA,1.57,El Nino
583641,2015-07-01,JJA,1.57,El Nino
583642,2015-07-01,JJA,1.57,El Nino
583643,2015-07-01,JJA,1.57,El Nino
588933,2015-07-01,JJA,1.57,El Nino
583644,2015-07-01,JJA,1.57,El Nino
583645,2015-07-01,JJA,1.57,El Nino
583646,2015-07-01,JJA,1.57,El Nino
583647,2015-07-01,JJA,1.57,El Nino
575665,2015-07-01,JJA,1.57,El Nino
588935,2015-07-01,JJA,1.57,El Nino
585376,2015-07-01,JJA,1.57,El Nino
585379,2015-07-01,JJA,1.57,El Nino
583564,2015-07-01,JJA,1.57,El Nino
583834,2015-07-01,JJA,1.57,El Nino
583839,2015-07-01,JJA,1.57,El Nino
581228,2015-07-01,JJA,1.57,El Nino
581230,2015-07-01,JJA,1.57,El Nino
581231,2015-07-01,JJA,1.57,El Nino
581232,2015-07-01,JJA,1.57,El Nino
581233,2015-07-01,JJA,1.57,El Nino
581235,2015-07-01,JJA,1.57,El Nino
581236,2015-07-01,JJA,1.57,El Nino
581238,2015-07-01,JJA,1.57,El Nino
581239,2015-07-01,JJA,1.57,El Nino
583840,2015-07-01,JJA,1.57,El Nino
583841,2015-07-01,JJA,1.57,El Nino
583842,2015-07-01,JJA,1.57,El Nino
583849,2015-07-01,JJA,1.57,El Nino
588613,2015-07-01,JJA,1.57,El Nino
597503,2015-07-01,JJA,1.57,El Nino
583853,2015-07-01,JJA,1.57,El Nino
597505,2015-07-01,JJA,1.57,El Nino
587368,2015-07-01,JJA,1.57,El Nino
577453,2015-07-01,JJA,1.57,El Nino
581785,2015-07-01,JJA,1.57,El Nino
581787,2015-07-01,JJA,1.57,El Nino
581788,2015-07-01,JJA,1.57,El Nino
581789,2015-07-01,JJA,1.57,El Nino
581791,2015-07-01,JJA,1.57,El Nino
581793,2015-07-01,JJA,1.57,El Nino
581797,2015-07-01,JJA,1.57,El Nino
581799,2015-07-01,JJA,1.57,El Nino
581801,2015-07-01,JJA,1.57,El Nino
581802,2015-07-01,JJA,1.57,El Nino
581805,2015-07-01,JJA,1.57,El Nino
581809,2015-07-01,JJA,1.57,El Nino
581811,2015-07-01,JJA,1.57,El Nino
581812,2015-07-01,JJA,1.57,El Nino
581815,2015-07-01,JJA,1.57,El Nino
581828,2015-07-01,JJA,1.57,El Nino
581848,2015-07-01,JJA,1.57,El Nino
584088,2015-07-01,JJA,1.57,El Nino
584252,2015-07-01,JJA,1.57,El Nino
584256,2015-07-01,JJA,1.57,El Nino
584089,2015-07-01,JJA,1.57,El Nino
584092,2015-07-01,JJA,1.57,El Nino
584095,2015-07-01,JJA,1.57,El Nino
584091,2015-07-01,JJA,1.57,El Nino
597534,2015-07-01,JJA,1.57,El Nino
584300,2015-07-01,JJA,1.57,El Nino
584304,2015-07-01,JJA,1.57,El Nino
584310,2015-07-01,JJA,1.57,El Nino
584312,2015-07-01,JJA,1.57,El Nino
590159,2015-07-01,JJA,1.57,El Nino
584319,2015-07-01,JJA,1.57,El Nino
584322,2015-07-01,JJA,1.57,El Nino
590165,2015-07-01,JJA,1.57,El Nino
584998,2015-07-01,JJA,1.57,El Nino
584999,2015-07-01,JJA,1.57,El Nino
585000,2015-07-01,JJA,1.57,El Nino
585004,2015-07-01,JJA,1.57,El Nino
585007,2015-07-01,JJA,1.57,El Nino
585011,2015-07-01,JJA,1.57,El Nino
585012,2015-07-01,JJA,1.57,El Nino
586021,2015-07-01,JJA,1.57,El Nino
585013,2015-07-01,JJA,1.57,El Nino
585015,2015-07-01,JJA,1.57,El Nino
586023,2015-07-01,JJA,1.57,El Nino
586024,2015-07-01,JJA,1.57,El Nino
597536,2015-07-01,JJA,1.57,El Nino
586025,2015-07-01,JJA,1.57,El Nino
586031,2015-07-01,JJA,1.57,El Nino
586026,2015-07-01,JJA,1.57,El Nino
586027,2015-07-01,JJA,1.57,El Nino
579090,2015-07-01,JJA,1.57,El Nino
579074,2015-07-01,JJA,1.57,El Nino
586106,2015-07-01,JJA,1.57,El Nino
586028,2015-07-01,JJA,1.57,El Nino
586029,2015-07-01,JJA,1.57,El Nino
586032,2015-07-01,JJA,1.57,El Nino
586033,2015-07-01,JJA,1.57,El Nino
586034,2015-07-01,JJA,1.57,El Nino
586035,2015-07-01,JJA,1.57,El Nino
586036,2015-07-01,JJA,1.57,El Nino
586038,2015-07-01,JJA,1.57,El Nino
586039,2015-07-01,JJA,1.57,El Nino
586144,2015-07-01,JJA,1.57,El Nino
586040,2015-07-01,JJA,1.57,El Nino
586041,2015-07-01,JJA,1.57,El Nino
586115,2015-07-01,JJA,1.57,El Nino
586131,2015-07-01,JJA,1.57,El Nino
586110,2015-07-01,JJA,1.57,El Nino
586116,2015-07-01,JJA,1.57,El Nino
586111,2015-07-01,JJA,1.57,El Nino
586113,2015-07-01,JJA,1.57,El Nino
586139,2015-07-01,JJA,1.57,El Nino
586130,2015-07-01,JJA,1.57,El Nino
586129,2015-07-01,JJA,1.57,El Nino
586138,2015-07-01,JJA,1.57,El Nino
586133,2015-07-01,JJA,1.57,El Nino
586136,2015-07-01,JJA,1.57,El Nino
586141,2015-07-01,JJA,1.57,El Nino
586135,2015-07-01,JJA,1.57,El Nino
586346,2015-07-01,JJA,1.57,El Nino
586347,2015-07-01,JJA,1.57,El Nino
586349,2015-07-01,JJA,1.57,El Nino
594151,2015-07-01,JJA,1.57,El Nino
586352,2015-07-01,JJA,1.57,El Nino
586353,2015-07-01,JJA,1.57,El Nino
579915,2015-07-01,JJA,1.57,El Nino
597537,2015-07-01,JJA,1.57,El Nino
589644,2015-07-01,JJA,1.57,El Nino
586365,2015-07-01,JJA,1.57,El Nino
587358,2015-07-01,JJA,1.57,El Nino
587357,2015-07-01,JJA,1.57,El Nino
585312,2015-07-01,JJA,1.57,El Nino
585307,2015-07-01,JJA,1.57,El Nino
586776,2015-08-01,JAS,1.91,El Nino
586777,2015-08-01,JAS,1.91,El Nino
586778,2015-08-01,JAS,1.91,El Nino
586779,2015-08-01,JAS,1.91,El Nino
586780,2015-08-01,JAS,1.91,El Nino
587078,2015-08-01,JAS,1.91,El Nino
586806,2015-08-01,JAS,1.91,El Nino
593426,2015-08-01,JAS,1.91,El Nino
609266,2015-12-01,NDJ,2.75,El Nino
609268,2015-12-01,NDJ,2.75,El Nino
609270,2015-12-01,NDJ,2.75,El Nino
609271,2015-12-01,NDJ,2.75,El Nino
606262,2015-12-01,NDJ,2.75,El Nino
607256,2015-12-01,NDJ,2.75,El Nino
607257,2015-12-01,NDJ,2.75,El Nino
607258,2015-12-01,NDJ,2.75,El Nino
612489,2015-12-01,NDJ,2.75,El Nino
612490,2015-12-01,NDJ,2.75,El Nino
609541,2015-12-01,NDJ,2.75,El Nino
609543,2015-12-01,NDJ,2.75,El Nino
609539,2015-12-01,NDJ,2.75,El Nino
610037,2016-02-01,JFM,2.28,El Nino
614625,2016-02-01,JFM,2.28,El Nino
610050,2016-02-01,JFM,2.28,El Nino
610051,2016-02-01,JFM,2.28,El Nino
620472,2016-03-01,FMA,1.71,El Nino
620474,2016-03-01,FMA,1.71,El Nino
620964,2016-03-01,FMA,1.71,El Nino
625665,2016-04-01,MAM,1.05,El Nino
625670,2016-04-01,MAM,1.05,El Nino
625677,2016-04-01,MAM,1.05,El Nino
629182,2016-05-01,AMJ,0.49,Neutral
623516,2016-05-01,AMJ,0.49,Neutral
622483,2016-05-01,AMJ,0.49,Neutral
622238,2016-05-01,AMJ,0.49,Neutral
623717,2016-05-01,AMJ,0.49,Neutral
623718,2016-05-01,AMJ,0.49,Neutral
623719,2016-05-01,AMJ,0.49,Neutral
630331,2016-05-01,AMJ,0.49,Neutral
626571,2016-05-01,AMJ,0.49,Neutral
627331,2016-05-01,AMJ,0.49,Neutral
626615,2016-05-01,AMJ,0.49,Neutral
632950,2016-05-01,AMJ,0.49,Neutral
626616,2016-05-01,AMJ,0.49,Neutral
626617,2016-05-01,AMJ,0.49,Neutral
626618,2016-05-01,AMJ,0.49,Neutral
626619,2016-05-01,AMJ,0.49,Neutral
626620,2016-05-01,AMJ,0.49,Neutral
624496,2016-05-01,AMJ,0.49,Neutral
626622,2016-05-01,AMJ,0.49,Neutral
626623,2016-05-01,AMJ,0.49,Neutral
630213,2016-05-01,AMJ,0.49,Neutral
630215,2016-05-01,AMJ,0.49,Neutral
626624,2016-05-01,AMJ,0.49,Neutral
626625,2016-05-01,AMJ,0.49,Neutral
626626,2016-05-01,AMJ,0.49,Neutral
630217,2016-05-01,AMJ,0.49,Neutral
626627,2016-05-01,AMJ,0.49,Neutral
626628,2016-05-01,AMJ,0.49,Neutral
627128,2016-05-01,AMJ,0.49,Neutral
626629,2016-05-01,AMJ,0.49,Neutral
627685,2016-06-01,MJJ,0.0,Neutral
627686,2016-06-01,MJJ,0.0,Neutral
627687,2016-06-01,MJJ,0.0,Neutral
627690,2016-06-01,MJJ,0.0,Neutral
627689,2016-06-01,MJJ,0.0,Neutral
627688,2016-06-01,MJJ,0.0,Neutral
632683,2016-06-01,MJJ,0.0,Neutral
632140,2016-06-01,MJJ,0.0,Neutral
632110,2016-06-01,MJJ,0.0,Neutral
632112,2016-06-01,MJJ,0.0,Neutral
632105,2016-06-01,MJJ,0.0,Neutral
632116,2016-06-01,MJJ,0.0,Neutral
633825,2016-06-01,MJJ,0.0,Neutral
638248,2016-06-01,MJJ,0.0,Neutral
633826,2016-06-01,MJJ,0.0,Neutral
633828,2016-06-01,MJJ,0.0,Neutral
633827,2016-06-01,MJJ,0.0,Neutral
638279,2016-06-01,MJJ,0.0,Neutral
634135,2016-06-01,MJJ,0.0,Neutral
642486,2016-07-01,JJA,-0.31,Neutral
642488,2016-07-01,JJA,-0.31,Neutral
642490,2016-07-01,JJA,-0.31,Neutral
642493,2016-07-01,JJA,-0.31,Neutral
642495,2016-07-01,JJA,-0.31,Neutral
642180,2016-07-01,JJA,-0.31,Neutral
645195,2016-07-01,JJA,-0.31,Neutral
645330,2016-07-01,JJA,-0.31,Neutral
642181,2016-07-01,JJA,-0.31,Neutral
645432,2016-07-01,JJA,-0.31,Neutral
645435,2016-07-01,JJA,-0.31,Neutral
642182,2016-07-01,JJA,-0.31,Neutral
642183,2016-07-01,JJA,-0.31,Neutral
642184,2016-07-01,JJA,-0.31,Neutral
642185,2016-07-01,JJA,-0.31,Neutral
646563,2016-07-01,JJA,-0.31,Neutral
646564,2016-07-01,JJA,-0.31,Neutral
645394,2016-07-01,JJA,-0.31,Neutral
646565,2016-07-01,JJA,-0.31,Neutral
646566,2016-07-01,JJA,-0.31,Neutral
646568,2016-07-01,JJA,-0.31,Neutral
642186,2016-07-01,JJA,-0.31,Neutral
647420,2016-07-01,JJA,-0.31,Neutral
642187,2016-07-01,JJA,-0.31,Neutral
646583,2016-07-01,JJA,-0.31,Neutral
642188,2016-07-01,JJA,-0.31,Neutral
642189,2016-07-01,JJA,-0.31,Neutral
646591,2016-07-01,JJA,-0.31,Neutral
642190,2016-07-01,JJA,-0.31,Neutral
642191,2016-07-01,JJA,-0.31,Neutral
637123,2016-07-01,JJA,-0.31,Neutral
637124,2016-07-01,JJA,-0.31,Neutral
637125,2016-07-01,JJA,-0.31,Neutral
634805,2016-07-01,JJA,-0.31,Neutral
634806,2016-07-01,JJA,-0.31,Neutral
634811,2016-07-01,JJA,-0.31,Neutral
634810,2016-07-01,JJA,-0.31,Neutral
646745,2016-07-01,JJA,-0.31,Neutral
646749,2016-07-01,JJA,-0.31,Neutral
634809,2016-07-01,JJA,-0.31,Neutral
646761,2016-07-01,JJA,-0.31,Neutral
646758,2016-07-01,JJA,-0.31,Neutral
646763,2016-07-01,JJA,-0.31,Neutral
642090,2016-07-01,JJA,-0.31,Neutral
642092,2016-07-01,JJA,-0.31,Neutral
646788,2016-07-01,JJA,-0.31,Neutral
642097,2016-07-01,JJA,-0.31,Neutral
642095,2016-07-01,JJA,-0.31,Neutral
642098,2016-07-01,JJA,-0.31,Neutral
642450,2016-07-01,JJA,-0.31,Neutral
642451,2016-07-01,JJA,-0.31,Neutral
642453,2016-07-01,JJA,-0.31,Neutral
642105,2016-07-01,JJA,-0.31,Neutral
642210,2016-07-01,JJA,-0.31,Neutral
642106,2016-07-01,JJA,-0.31,Neutral
642661,2016-07-01,JJA,-0.31,Neutral
642107,2016-07-01,JJA,-0.31,Neutral
642458,2016-07-01,JJA,-0.31,Neutral
642454,2016-07-01,JJA,-0.31,Neutral
646931,2016-07-01,JJA,-0.31,Neutral
642464,2016-07-01,JJA,-0.31,Neutral
642109,2016-07-01,JJA,-0.31,Neutral
641513,2016-08-01,JAS,-0.5,La Nina
641514,2016-08-01,JAS,-0.5,La Nina
650390,2016-08-01,JAS,-0.5,La Nina
654133,2016-08-01,JAS,-0.5,La Nina
650392,2016-08-01,JAS,-0.5,La Nina
642192,2016-08-01,JAS,-0.5,La Nina
640987,2016-08-01,JAS,-0.5,La Nina
641166,2016-08-01,JAS,-0.5,La Nina
642194,2016-08-01,JAS,-0.5,La Nina
642195,2016-08-01,JAS,-0.5,La Nina
642478,2016-08-01,JAS,-0.5,La Nina
642482,2016-08-01,JAS,-0.5,La Nina
642483,2016-08-01,JAS,-0.5,La Nina
652342,2016-08-01,JAS,-0.5,La Nina
652348,2016-08-01,JAS,-0.5,La Nina
652346,2016-08-01,JAS,-0.5,La Nina
654136,2016-08-01,JAS,-0.5,La Nina
642489,2016-08-01,JAS,-0.5,La Nina
642487,2016-08-01,JAS,-0.5,La Nina
654082,2016-08-01,JAS,-0.5,La Nina
654084,2016-08-01,JAS,-0.5,La Nina
654089,2016-08-01,JAS,-0.5,La Nina
645405,2016-08-01,JAS,-0.5,La Nina
643572,2016-08-01,JAS,-0.5,La Nina
647034,2016-08-01,JAS,-0.5,La Nina
649187,2016-08-01,JAS,-0.5,La Nina
649188,2016-08-01,JAS,-0.5,La Nina
649190,2016-08-01,JAS,-0.5,La Nina
649191,2016-08-01,JAS,-0.5,La Nina
649193,2016-08-01,JAS,-0.5,La Nina
649196,2016-08-01,JAS,-0.5,La Nina
650357,2016-09-01,ASO,-0.58,La Nina
650359,2016-09-01,ASO,-0.58,La Nina
658206,2016-10-01,SON,-0.64,La Nina
658207,2016-10-01,SON,-0.64,La Nina
676345,2017-03-01,FMA,0.18,Neutral
676346,2017-03-01,FMA,0.18,Neutral
676349,2017-03-01,FMA,0.18,Neutral
676367,2017-03-01,FMA,0.18,Neutral
675717,2017-03-01,FMA,0.18,Neutral
673714,2017-03-01,FMA,0.18,Neutral
680040,2017-04-01,MAM,0.31,Neutral
681837,2017-04-01,MAM,0.31,Neutral
681840,2017-04-01,MAM,0.31,Neutral
681252,2017-04-01,MAM,0.31,Neutral
681544,2017-04-01,MAM,0.31,Neutral
684594,2017-04-01,MAM,0.31,Neutral
687747,2017-04-01,MAM,0.31,Neutral
684595,2017-04-01,MAM,0.31,Neutral
688084,2017-04-01,MAM,0.31,Neutral
688085,2017-04-01,MAM,0.31,Neutral
689605,2017-04-01,MAM,0.31,Neutral
689606,2017-04-01,MAM,0.31,Neutral
687766,2017-05-01,AMJ,0.4,Neutral
687768,2017-05-01,AMJ,0.4,Neutral
687770,2017-05-01,AMJ,0.4,Neutral
687772,2017-05-01,AMJ,0.4,Neutral
688102,2017-05-01,AMJ,0.4,Neutral
688103,2017-05-01,AMJ,0.4,Neutral
688104,2017-05-01,AMJ,0.4,Neutral
688107,2017-05-01,AMJ,0.4,Neutral
688945,2017-05-01,AMJ,0.4,Neutral
688949,2017-05-01,AMJ,0.4,Neutral
691229,2017-05-01,AMJ,0.4,Neutral
691230,2017-05-01,AMJ,0.4,Neutral
688286,2017-05-01,AMJ,0.4,Neutral
687774,2017-05-01,AMJ,0.4,Neutral
688609,2017-05-01,AMJ,0.4,Neutral
688608,2017-05-01,AMJ,0.4,Neutral
691253,2017-05-01,AMJ,0.4,Neutral
691257,2017-05-01,AMJ,0.4,Neutral
689886,2017-05-01,AMJ,0.4,Neutral
692708,2017-05-01,AMJ,0.4,Neutral
691150,2017-05-01,AMJ,0.4,Neutral
689887,2017-05-01,AMJ,0.4,Neutral
691147,2017-05-01,AMJ,0.4,Neutral
691148,2017-05-01,AMJ,0.4,Neutral
689888,2017-05-01,AMJ,0.4,Neutral
691149,2017-05-01,AMJ,0.4,Neutral
691151,2017-05-01,AMJ,0.4,Neutral
691152,2017-05-01,AMJ,0.4,Neutral
691155,2017-05-01,AMJ,0.4,Neutral
691156,2017-05-01,AMJ,0.4,Neutral
689894,2017-05-01,AMJ,0.4,Neutral
689901,2017-05-01,AMJ,0.4,Neutral
689907,2017-05-01,AMJ,0.4,Neutral
689910,2017-05-01,AMJ,0.4,Neutral
693427,2017-06-01,MJJ,0.39,Neutral
693428,2017-06-01,MJJ,0.39,Neutral
703397,2017-06-01,MJJ,0.39,Neutral
703398,2017-06-01,MJJ,0.39,Neutral
694330,2017-06-01,MJJ,0.39,Neutral
703402,2017-06-01,MJJ,0.39,Neutral
694553,2017-06-01,MJJ,0.39,Neutral
697593,2017-06-01,MJJ,0.39,Neutral
702394,2017-06-01,MJJ,0.39,Neutral
697594,2017-06-01,MJJ,0.39,Neutral
702395,2017-06-01,MJJ,0.39,Neutral
702396,2017-06-01,MJJ,0.39,Neutral
702400,2017-06-01,MJJ,0.39,Neutral
702399,2017-06-01,MJJ,0.39,Neutral
702398,2017-06-01,MJJ,0.39,Neutral
702397,2017-06-01,MJJ,0.39,Neutral
702401,2017-06-01,MJJ,0.39,Neutral
702403,2017-06-01,MJJ,0.39,Neutral
702402,2017-06-01,MJJ,0.39,Neutral
702404,2017-06-01,MJJ,0.39,Neutral
702407,2017-06-01,MJJ,0.39,Neutral
702405,2017-06-01,MJJ,0.39,Neutral
702406,2017-06-01,MJJ,0.39,Neutral
695269,2017-06-01,MJJ,0.39,Neutral
702408,2017-06-01,MJJ,0.39,Neutral
702409,2017-06-01,MJJ,0.39,Neutral
696740,2017-06-01,MJJ,0.39,Neutral
697063,2017-06-01,MJJ,0.39,Neutral
695276,2017-06-01,MJJ,0.39,Neutral
695283,2017-06-01,MJJ,0.39,Neutral
702410,2017-06-01,MJJ,0.39,Neutral
702411,2017-06-01,MJJ,0.39,Neutral
697043,2017-06-01,MJJ,0.39,Neutral
696734,2017-06-01,MJJ,0.39,Neutral
695298,2017-06-01,MJJ,0.39,Neutral
695290,2017-06-01,MJJ,0.39,Neutral
695308,2017-06-01,MJJ,0.39,Neutral
697047,2017-06-01,MJJ,0.39,Neutral
697738,2017-07-01,JJA,0.19,Neutral
697874,2017-07-01,JJA,0.19,Neutral
698530,2017-07-01,JJA,0.19,Neutral
706970,2017-07-01,JJA,0.19,Neutral
706951,2017-07-01,JJA,0.19,Neutral
706950,2017-07-01,JJA,0.19,Neutral
702373,2017-07-01,JJA,0.19,Neutral
711116,2017-07-01,JJA,0.19,Neutral
705010,2017-07-01,JJA,0.19,Neutral
704911,2017-07-01,JJA,0.19,Neutral
704913,2017-07-01,JJA,0.19,Neutral
704914,2017-07-01,JJA,0.19,Neutral
704917,2017-07-01,JJA,0.19,Neutral
704919,2017-07-01,JJA,0.19,Neutral
704918,2017-07-01,JJA,0.19,Neutral
705999,2017-08-01,JAS,-0.07,Neutral
706000,2017-08-01,JAS,-0.07,Neutral
711484,2017-09-01,ASO,-0.34,Neutral
711486,2017-09-01,ASO,-0.34,Neutral
711487,2017-09-01,ASO,-0.34,Neutral
718430,2017-09-01,ASO,-0.34,Neutral
711488,2017-09-01,ASO,-0.34,Neutral
711489,2017-09-01,ASO,-0.34,Neutral
711490,2017-09-01,ASO,-0.34,Neutral
711491,2017-09-01,ASO,-0.34,Neutral
711492,2017-09-01,ASO,-0.34,Neutral
711493,2017-09-01,ASO,-0.34,Neutral
711494,2017-09-01,ASO,-0.34,Neutral
711495,2017-09-01,ASO,-0.34,Neutral
723533,2017-10-01,SON,-0.6,La Nina
732317,2018-02-01,JFM,-0.71,La Nina
736600,2018-02-01,JFM,-0.71,La Nina
736601,2018-02-01,JFM,-0.71,La Nina
736602,2018-02-01,JFM,-0.71,La Nina
736603,2018-02-01,JFM,-0.71,La Nina
736604,2018-02-01,JFM,-0.71,La Nina
736605,2018-02-01,JFM,-0.71,La Nina
736606,2018-02-01,JFM,-0.71,La Nina
736607,2018-02-01,JFM,-0.71,La Nina
733160,2018-02-01,JFM,-0.71,La Nina
733165,2018-02-01,JFM,-0.71,La Nina
737276,2018-02-01,JFM,-0.71,La Nina
736608,2018-02-01,JFM,-0.71,La Nina
733168,2018-02-01,JFM,-0.71,La Nina
736609,2018-02-01,JFM,-0.71,La Nina
733169,2018-02-01,JFM,-0.71,La Nina
737279,2018-02-01,JFM,-0.71,La Nina
733172,2018-02-01,JFM,-0.71,La Nina
736610,2018-02-01,JFM,-0.71,La Nina
736611,2018-02-01,JFM,-0.71,La Nina
736612,2018-02-01,JFM,-0.71,La Nina
736616,2018-02-01,JFM,-0.71,La Nina
736613,2018-02-01,JFM,-0.71,La Nina
737281,2018-02-01,JFM,-0.71,La Nina
736614,2018-02-01,JFM,-0.71,La Nina
736615,2018-02-01,JFM,-0.71,La Nina
742612,2018-02-01,JFM,-0.71,La Nina
736617,2018-02-01,JFM,-0.71,La Nina
736618,2018-02-01,JFM,-0.71,La Nina
736619,2018-02-01,JFM,-0.71,La Nina
736620,2018-02-01,JFM,-0.71,La Nina
736621,2018-02-01,JFM,-0.71,La Nina
736622,2018-02-01,JFM,-0.71,La Nina
736639,2018-02-01,JFM,-0.71,La Nina
742198,2018-04-01,MAM,-0.39,Neutral
746859,2018-05-01,AMJ,-0.13,Neutral
746862,2018-05-01,AMJ,-0.13,Neutral
745106,2018-05-01,AMJ,-0.13,Neutral
745280,2018-05-01,AMJ,-0.13,Neutral
746867,2018-05-01,AMJ,-0.13,Neutral
746868,2018-05-01,AMJ,-0.13,Neutral
745282,2018-05-01,AMJ,-0.13,Neutral
745283,2018-05-01,AMJ,-0.13,Neutral
745284,2018-05-01,AMJ,-0.13,Neutral
746869,2018-05-01,AMJ,-0.13,Neutral
745281,2018-05-01,AMJ,-0.13,Neutral
745285,2018-05-01,AMJ,-0.13,Neutral
746870,2018-05-01,AMJ,-0.13,Neutral
745485,2018-05-01,AMJ,-0.13,Neutral
746871,2018-05-01,AMJ,-0.13,Neutral
746872,2018-05-01,AMJ,-0.13,Neutral
746873,2018-05-01,AMJ,-0.13,Neutral
746875,2018-05-01,AMJ,-0.13,Neutral
745486,2018-05-01,AMJ,-0.13,Neutral
745508,2018-05-01,AMJ,-0.13,Neutral
746874,2018-05-01,AMJ,-0.13,Neutral
745503,2018-05-01,AMJ,-0.13,Neutral
745505,2018-05-01,AMJ,-0.13,Neutral
745512,2018-05-01,AMJ,-0.13,Neutral
745487,2018-05-01,AMJ,-0.13,Neutral
746878,2018-05-01,AMJ,-0.13,Neutral
754719,2018-05-01,AMJ,-0.13,Neutral
754718,2018-05-01,AMJ,-0.13,Neutral
757535,2018-05-01,AMJ,-0.13,Neutral
757536,2018-05-01,AMJ,-0.13,Neutral
757537,2018-05-01,AMJ,-0.13,Neutral
748121,2018-05-01,AMJ,-0.13,Neutral
757539,2018-05-01,AMJ,-0.13,Neutral
757540,2018-05-01,AMJ,-0.13,Neutral
757541,2018-05-01,AMJ,-0.13,Neutral
754715,2018-05-01,AMJ,-0.13,Neutral
757547,2018-05-01,AMJ,-0.13,Neutral
754716,2018-05-01,AMJ,-0.13,Neutral
757542,2018-05-01,AMJ,-0.13,Neutral
757543,2018-05-01,AMJ,-0.13,Neutral
757544,2018-05-01,AMJ,-0.13,Neutral
757545,2018-05-01,AMJ,-0.13,Neutral
757546,2018-05-01,AMJ,-0.13,Neutral
757548,2018-05-01,AMJ,-0.13,Neutral
748122,2018-05-01,AMJ,-0.13,Neutral
755248,2018-06-01,MJJ,0.06,Neutral
755274,2018-06-01,MJJ,0.06,Neutral
757427,2018-06-01,MJJ,0.06,Neutral
757428,2018-06-01,MJJ,0.06,Neutral
757429,2018-06-01,MJJ,0.06,Neutral
757430,2018-06-01,MJJ,0.06,Neutral
752882,2018-06-01,MJJ,0.06,Neutral
752889,2018-06-01,MJJ,0.06,Neutral
757431,2018-06-01,MJJ,0.06,Neutral
757434,2018-06-01,MJJ,0.06,Neutral
752893,2018-06-01,MJJ,0.06,Neutral
763845,2018-07-01,JJA,0.14,Neutral
763847,2018-07-01,JJA,0.14,Neutral
763879,2018-07-01,JJA,0.14,Neutral
763882,2018-07-01,JJA,0.14,Neutral
763883,2018-07-01,JJA,0.14,Neutral
763884,2018-07-01,JJA,0.14,Neutral
763886,2018-07-01,JJA,0.14,Neutral
764249,2018-07-01,JJA,0.14,Neutral
764270,2018-07-01,JJA,0.14,Neutral
762096,2018-08-01,JAS,0.27,Neutral
762095,2018-08-01,JAS,0.27,Neutral
763960,2018-08-01,JAS,0.27,Neutral
767280,2018-08-01,JAS,0.27,Neutral
764530,2018-08-01,JAS,0.27,Neutral
764531,2018-08-01,JAS,0.27,Neutral
764532,2018-08-01,JAS,0.27,Neutral
764533,2018-08-01,JAS,0.27,Neutral
782830,2018-08-01,JAS,0.27,Neutral
782825,2018-08-01,JAS,0.27,Neutral
771264,2018-08-01,JAS,0.27,Neutral
782852,2018-08-01,JAS,0.27,Neutral
782853,2018-08-01,JAS,0.27,Neutral
782843,2018-08-01,JAS,0.27,Neutral
767024,2018-08-01,JAS,0.27,Neutral
767026,2018-08-01,JAS,0.27,Neutral
767025,2018-08-01,JAS,0.27,Neutral
782845,2018-08-01,JAS,0.27,Neutral
773261,2018-09-01,ASO,0.53,El Nino
772816,2018-09-01,ASO,0.53,El Nino
783637,2018-09-01,ASO,0.53,El Nino
783635,2018-09-01,ASO,0.53,El Nino
783638,2018-09-01,ASO,0.53,El Nino
783651,2018-09-01,ASO,0.53,El Nino
783639,2018-09-01,ASO,0.53,El Nino
783656,2018-09-01,ASO,0.53,El Nino
783652,2018-09-01,ASO,0.53,El Nino
783657,2018-09-01,ASO,0.53,El Nino
784424,2018-09-01,ASO,0.53,El Nino
783658,2018-09-01,ASO,0.53,El Nino
774126,2018-09-01,ASO,0.53,El Nino
773423,2018-09-01,ASO,0.53,El Nino
780981,2018-09-01,ASO,0.53,El Nino
780986,2018-09-01,ASO,0.53,El Nino
773418,2018-09-01,ASO,0.53,El Nino
783659,2018-09-01,ASO,0.53,El Nino
783660,2018-09-01,ASO,0.53,El Nino
773421,2018-09-01,ASO,0.53,El Nino
773419,2018-09-01,ASO,0.53,El Nino
773420,2018-09-01,ASO,0.53,El Nino
773422,2018-09-01,ASO,0.53,El Nino
775945,2018-09-01,ASO,0.53,El Nino
783677,2018-09-01,ASO,0.53,El Nino
783683,2018-09-01,ASO,0.53,El Nino
783682,2018-09-01,ASO,0.53,El Nino
783681,2018-09-01,ASO,0.53,El Nino
783679,2018-09-01,ASO,0.53,El Nino
783684,2018-09-01,ASO,0.53,El Nino
783685,2018-09-01,ASO,0.53,El Nino
783686,2018-09-01,ASO,0.53,El Nino
783687,2018-09-01,ASO,0.53,El Nino
783688,2018-09-01,ASO,0.53,El Nino
783689,2018-09-01,ASO,0.53,El Nino
783690,2018-09-01,ASO,0.53,El Nino
783691,2018-09-01,ASO,0.53,El Nino
783693,2018-09-01,ASO,0.53,El Nino
783694,2018-09-01,ASO,0.53,El Nino
775956,2018-09-01,ASO,0.53,El Nino
783696,2018-09-01,ASO,0.53,El Nino
775951,2018-09-01,ASO,0.53,El Nino
783698,2018-09-01,ASO,0.53,El Nino
777537,2018-09-01,ASO,0.53,El Nino
777538,2018-09-01,ASO,0.53,El Nino
777540,2018-09-01,ASO,0.53,El Nino
784989,2018-10-01,SON,0.81,El Nino
778480,2018-10-01,SON,0.81,El Nino
778481,2018-10-01,SON,0.81,El Nino
786073,2018-11-01,OND,0.97,El Nino
793876,2018-11-01,OND,0.97,El Nino
798071,2019-02-01,JFM,0.86,El Nino
798075,2019-02-01,JFM,0.86,El Nino
802943,2019-02-01,JFM,0.86,El Nino
802945,2019-02-01,JFM,0.86,El Nino
802946,2019-02-01,JFM,0.86,El Nino
800058,2019-02-01,JFM,0.86,El Nino
800059,2019-02-01,JFM,0.86,El Nino
800060,2019-02-01,JFM,0.86,El Nino
800061,2019-02-01,JFM,0.86,El Nino
800062,2019-02-01,JFM,0.86,El Nino
800063,2019-02-01,JFM,0.86,El Nino
802948,2019-02-01,JFM,0.86,El Nino
800068,2019-02-01,JFM,0.86,El Nino
800065,2019-02-01,JFM,0.86,El Nino
800064,2019-02-01,JFM,0.86,El Nino
800070,2019-02-01,JFM,0.86,El Nino
800069,2019-02-01,JFM,0.86,El Nino
800071,2019-02-01,JFM,0.86,El Nino
800075,2019-02-01,JFM,0.86,El Nino
800078,2019-02-01,JFM,0.86,El Nino
800080,2019-02-01,JFM,0.86,El Nino
800081,2019-02-01,JFM,0.86,El Nino
800073,2019-02-01,JFM,0.86,El Nino
800083,2019-02-01,JFM,0.86,El Nino
800085,2019-02-01,JFM,0.86,El Nino
800087,2019-02-01,JFM,0.86,El Nino
800082,2019-02-01,JFM,0.86,El Nino
800084,2019-02-01,JFM,0.86,El Nino
800228,2019-02-01,JFM,0.86,El Nino
800086,2019-02-01,JFM,0.86,El Nino
800230,2019-02-01,JFM,0.86,El Nino
800209,2019-02-01,JFM,0.86,El Nino
800231,2019-02-01,JFM,0.86,El Nino
800223,2019-02-01,JFM,0.86,El Nino
800229,2019-02-01,JFM,0.86,El Nino
800227,2019-02-01,JFM,0.86,El Nino
800225,2019-02-01,JFM,0.86,El Nino
800088,2019-02-01,JFM,0.86,El Nino
800089,2019-02-01,JFM,0.86,El Nino
800221,2019-02-01,JFM,0.86,El Nino
800220,2019-02-01,JFM,0.86,El Nino
800222,2019-02-01,JFM,0.86,El Nino
800226,2019-02-01,JFM,0.86,El Nino
800090,2019-02-01,JFM,0.86,El Nino
800224,2019-02-01,JFM,0.86,El Nino
807424,2019-03-01,FMA,0.84,El Nino
807432,2019-03-01,FMA,0.84,El Nino
816147,2019-05-01,AMJ,0.64,El Nino
817484,2019-06-01,MJJ,0.52,El Nino
817486,2019-06-01,MJJ,0.52,El Nino
817487,2019-06-01,MJJ,0.52,El Nino
818106,2019-06-01,MJJ,0.52,El Nino
818108,2019-06-01,MJJ,0.52,El Nino
818107,2019-06-01,MJJ,0.52,El Nino
841434,2019-06-01,MJJ,0.52,El Nino
818658,2019-06-01,MJJ,0.52,El Nino
830794,2019-06-01,MJJ,0.52,El Nino
830818,2019-06-01,MJJ,0.52,El Nino
830812,2019-06-01,MJJ,0.52,El Nino
820090,2019-06-01,MJJ,0.52,El Nino
825734,2019-06-01,MJJ,0.52,El Nino
825735,2019-06-01,MJJ,0.52,El Nino
841810,2019-06-01,MJJ,0.52,El Nino
841811,2019-06-01,MJJ,0.52,El Nino
833069,2019-06-01,MJJ,0.52,El Nino
820120,2019-06-01,MJJ,0.52,El Nino
820151,2019-06-01,MJJ,0.52,El Nino
829439,2019-06-01,MJJ,0.52,El Nino
829280,2019-06-01,MJJ,0.52,El Nino
829273,2019-06-01,MJJ,0.52,El Nino
829262,2019-06-01,MJJ,0.52,El Nino
841624,2019-06-01,MJJ,0.52,El Nino
841625,2019-06-01,MJJ,0.52,El Nino
841628,2019-06-01,MJJ,0.52,El Nino
841629,2019-06-01,MJJ,0.52,El Nino
841631,2019-06-01,MJJ,0.52,El Nino
826058,2019-06-01,MJJ,0.52,El Nino
826065,2019-07-01,JJA,0.33,Neutral
843677,2019-07-01,JJA,0.33,Neutral
843679,2019-07-01,JJA,0.33,Neutral
833022,2019-07-01,JJA,0.33,Neutral
833025,2019-07-01,JJA,0.33,Neutral
826086,2019-07-01,JJA,0.33,Neutral
826087,2019-07-01,JJA,0.33,Neutral
833222,2019-07-01,JJA,0.33,Neutral
833223,2019-07-01,JJA,0.33,Neutral
826439,2019-07-01,JJA,0.33,Neutral
826443,2019-07-01,JJA,0.33,Neutral
826459,2019-07-01,JJA,0.33,Neutral
826497,2019-07-01,JJA,0.33,Neutral
826915,2019-07-01,JJA,0.33,Neutral
828120,2019-07-01,JJA,0.33,Neutral
828121,2019-07-01,JJA,0.33,Neutral
843707,2019-07-01,JJA,0.33,Neutral
843708,2019-07-01,JJA,0.33,Neutral
827487,2019-07-01,JJA,0.33,Neutral
827486,2019-07-01,JJA,0.33,Neutral
828280,2019-07-01,JJA,0.33,Neutral
843735,2019-07-01,JJA,0.33,Neutral
843736,2019-07-01,JJA,0.33,Neutral
843737,2019-07-01,JJA,0.33,Neutral
843741,2019-07-01,JJA,0.33,Neutral
833233,2019-07-01,JJA,0.33,Neutral
833243,2019-07-01,JJA,0.33,Neutral
829577,2019-07-01,JJA,0.33,Neutral
839685,2019-07-01,JJA,0.33,Neutral
832652,2019-07-01,JJA,0.33,Neutral
834424,2019-08-01,JAS,0.19,Neutral
834418,2019-08-01,JAS,0.19,Neutral
847128,2019-08-01,JAS,0.19,Neutral
847123,2019-08-01,JAS,0.19,Neutral
841255,2019-08-01,JAS,0.19,Neutral
847202,2019-08-01,JAS,0.19,Neutral
856247,2019-10-01,SON,0.39,Neutral
863305,2019-11-01,OND,0.58,El Nino
863307,2019-11-01,OND,0.58,El Nino
866696,2019-11-01,OND,0.58,El Nino
858559,2019-11-01,OND,0.58,El Nino
866704,2019-11-01,OND,0.58,El Nino
866713,2019-11-01,OND,0.58,El Nino
866697,2019-11-01,OND,0.58,El Nino
866700,2019-11-01,OND,0.58,El Nino
866702,2019-11-01,OND,0.58,El Nino
866703,2019-11-01,OND,0.58,El Nino
866705,2019-11-01,OND,0.58,El Nino
866706,2019-11-01,OND,0.58,El Nino
866709,2019-11-01,OND,0.58,El Nino
866711,2019-11-01,OND,0.58,El Nino
866712,2019-11-01,OND,0.58,El Nino
865943,2019-12-01,NDJ,0.66,El Nino
869324,2019-12-01,NDJ,0.66,El Nino
865945,2019-12-01,NDJ,0.66,El Nino
865946,2019-12-01,NDJ,0.66,El Nino
868893,2020-01-01,DJF,0.64,El Nino
868897,2020-01-01,DJF,0.64,El Nino
868895,2020-01-01,DJF,0.64,El Nino
868896,2020-01-01,DJF,0.64,El Nino
867883,2020-02-01,JFM,0.63,El Nino
872338,2020-02-01,JFM,0.63,El Nino
872339,2020-02-01,JFM,0.63,El Nino
883049,2020-03-01,FMA,0.53,El Nino
876304,2020-03-01,FMA,0.53,El Nino
876308,2020-03-01,FMA,0.53,El Nino
883151,2020-03-01,FMA,0.53,El Nino
883152,2020-03-01,FMA,0.53,El Nino
883255,2020-03-01,FMA,0.53,El Nino
883254,2020-03-01,FMA,0.53,El Nino
883259,2020-03-01,FMA,0.53,El Nino
883260,2020-03-01,FMA,0.53,El Nino
883256,2020-03-01,FMA,0.53,El Nino
883257,2020-03-01,FMA,0.53,El Nino
883258,2020-03-01,FMA,0.53,El Nino
883284,2020-03-01,FMA,0.53,El Nino
880246,2020-05-01,AMJ,0.01,Neutral
880257,2020-05-01,AMJ,0.01,Neutral
880249,2020-05-01,AMJ,0.01,Neutral
880255,2020-05-01,AMJ,0.01,Neutral
880252,2020-05-01,AMJ,0.01,Neutral
880261,2020-05-01,AMJ,0.01,Neutral
895612,2020-05-01,AMJ,0.01,Neutral
895613,2020-05-01,AMJ,0.01,Neutral
882012,2020-05-01,AMJ,0.01,Neutral
882014,2020-05-01,AMJ,0.01,Neutral
882098,2020-05-01,AMJ,0.01,Neutral
882097,2020-05-01,AMJ,0.01,Neutral
895614,2020-05-01,AMJ,0.01,Neutral
882780,2020-05-01,AMJ,0.01,Neutral
891280,2020-05-01,AMJ,0.01,Neutral
895617,2020-05-01,AMJ,0.01,Neutral
895622,2020-05-01,AMJ,0.01,Neutral
897323,2020-05-01,AMJ,0.01,Neutral
897330,2020-05-01,AMJ,0.01,Neutral
897334,2020-05-01,AMJ,0.01,Neutral
897337,2020-05-01,AMJ,0.01,Neutral
897338,2020-05-01,AMJ,0.01,Neutral
897340,2020-05-01,AMJ,0.01,Neutral
897341,2020-05-01,AMJ,0.01,Neutral
897343,2020-05-01,AMJ,0.01,Neutral
897347,2020-05-01,AMJ,0.01,Neutral
897354,2020-05-01,AMJ,0.01,Neutral
882817,2020-05-01,AMJ,0.01,Neutral
882873,2020-05-01,AMJ,0.01,Neutral
882815,2020-05-01,AMJ,0.01,Neutral
882812,2020-05-01,AMJ,0.01,Neutral
882875,2020-05-01,AMJ,0.01,Neutral
882872,2020-05-01,AMJ,0.01,Neutral
882811,2020-05-01,AMJ,0.01,Neutral
882883,2020-05-01,AMJ,0.01,Neutral
882877,2020-05-01,AMJ,0.01,Neutral
882879,2020-05-01,AMJ,0.01,Neutral
882810,2020-05-01,AMJ,0.01,Neutral
898062,2020-05-01,AMJ,0.01,Neutral
882863,2020-05-01,AMJ,0.01,Neutral
882865,2020-05-01,AMJ,0.01,Neutral
882866,2020-05-01,AMJ,0.01,Neutral
882867,2020-05-01,AMJ,0.01,Neutral
883635,2020-05-01,AMJ,0.01,Neutral
899007,2020-06-01,MJJ,-0.23,Neutral
906614,2020-06-01,MJJ,-0.23,Neutral
906615,2020-06-01,MJJ,-0.23,Neutral
899012,2020-06-01,MJJ,-0.23,Neutral
906553,2020-06-01,MJJ,-0.23,Neutral
899013,2020-06-01,MJJ,-0.23,Neutral
899021,2020-06-01,MJJ,-0.23,Neutral
906554,2020-06-01,MJJ,-0.23,Neutral
906555,2020-06-01,MJJ,-0.23,Neutral
906556,2020-06-01,MJJ,-0.23,Neutral
906557,2020-06-01,MJJ,-0.23,Neutral
906558,2020-06-01,MJJ,-0.23,Neutral
906559,2020-06-01,MJJ,-0.23,Neutral
906560,2020-06-01,MJJ,-0.23,Neutral
906561,2020-06-01,MJJ,-0.23,Neutral
906562,2020-06-01,MJJ,-0.23,Neutral
906563,2020-06-01,MJJ,-0.23,Neutral
906564,2020-06-01,MJJ,-0.23,Neutral
906565,2020-06-01,MJJ,-0.23,Neutral
906566,2020-06-01,MJJ,-0.23,Neutral
906567,2020-06-01,MJJ,-0.23,Neutral
906568,2020-06-01,MJJ,-0.23,Neutral
906569,2020-06-01,MJJ,-0.23,Neutral
906570,2020-06-01,MJJ,-0.23,Neutral
914808,2020-06-01,MJJ,-0.23,Neutral
892422,2020-06-01,MJJ,-0.23,Neutral
906571,2020-06-01,MJJ,-0.23,Neutral
906572,2020-06-01,MJJ,-0.23,Neutral
892424,2020-06-01,MJJ,-0.23,Neutral
906589,2020-06-01,MJJ,-0.23,Neutral
906573,2020-06-01,MJJ,-0.23,Neutral
906590,2020-06-01,MJJ,-0.23,Neutral
906591,2020-06-01,MJJ,-0.23,Neutral
906592,2020-06-01,MJJ,-0.23,Neutral
906593,2020-06-01,MJJ,-0.23,Neutral
906594,2020-06-01,MJJ,-0.23,Neutral
906595,2020-06-01,MJJ,-0.23,Neutral
892425,2020-06-01,MJJ,-0.23,Neutral
906596,2020-06-01,MJJ,-0.23,Neutral
906597,2020-06-01,MJJ,-0.23,Neutral
891207,2020-06-01,MJJ,-0.23,Neutral
899101,2020-06-01,MJJ,-0.23,Neutral
892106,2020-06-01,MJJ,-0.23,Neutral
892433,2020-06-01,MJJ,-0.23,Neutral
905101,2020-07-01,JJA,-0.36,Neutral
908084,2020-07-01,JJA,-0.36,Neutral
905229,2020-07-01,JJA,-0.36,Neutral
913357,2020-07-01,JJA,-0.36,Neutral
905237,2020-07-01,JJA,-0.36,Neutral
913358,2020-07-01,JJA,-0.36,Neutral
905361,2020-07-01,JJA,-0.36,Neutral
905369,2020-07-01,JJA,-0.36,Neutral
913756,2020-07-01,JJA,-0.36,Neutral
913757,2020-07-01,JJA,-0.36,Neutral
913758,2020-07-01,JJA,-0.36,Neutral
913761,2020-07-01,JJA,-0.36,Neutral
905378,2020-07-01,JJA,-0.36,Neutral
913759,2020-07-01,JJA,-0.36,Neutral
905472,2020-07-01,JJA,-0.36,Neutral
913763,2020-07-01,JJA,-0.36,Neutral
913765,2020-07-01,JJA,-0.36,Neutral
896306,2020-07-01,JJA,-0.36,Neutral
905688,2020-07-01,JJA,-0.36,Neutral
913635,2020-07-01,JJA,-0.36,Neutral
913639,2020-07-01,JJA,-0.36,Neutral
913641,2020-07-01,JJA,-0.36,Neutral
900786,2020-08-01,JAS,-0.53,La Nina
910215,2020-08-01,JAS,-0.53,La Nina
918516,2020-08-01,JAS,-0.53,La Nina
918680,2020-08-01,JAS,-0.53,La Nina
918684,2020-08-01,JAS,-0.53,La Nina
918698,2020-08-01,JAS,-0.53,La Nina
918699,2020-08-01,JAS,-0.53,La Nina
918701,2020-08-01,JAS,-0.53,La Nina
918702,2020-08-01,JAS,-0.53,La Nina
918703,2020-08-01,JAS,-0.53,La Nina
918704,2020-08-01,JAS,-0.53,La Nina
902584,2020-08-01,JAS,-0.53,La Nina
909799,2020-08-01,JAS,-0.53,La Nina
921002,2020-09-01,ASO,-0.85,La Nina
921005,2020-09-01,ASO,-0.85,La Nina
921004,2020-09-01,ASO,-0.85,La Nina
913583,2020-09-01,ASO,-0.85,La Nina
921003,2020-09-01,ASO,-0.85,La Nina
921006,2020-09-01,ASO,-0.85,La Nina
921007,2020-09-01,ASO,-0.85,La Nina
921008,2020-09-01,ASO,-0.85,La Nina
921009,2020-09-01,ASO,-0.85,La Nina
912496,2020-09-01,ASO,-0.85,La Nina
916090,2020-09-01,ASO,-0.85,La Nina
912498,2020-09-01,ASO,-0.85,La Nina
912501,2020-09-01,ASO,-0.85,La Nina
912510,2020-09-01,ASO,-0.85,La Nina
912526,2020-09-01,ASO,-0.85,La Nina
912512,2020-09-01,ASO,-0.85,La Nina
912514,2020-09-01,ASO,-0.85,La Nina
921300,2020-09-01,ASO,-0.85,La Nina
921301,2020-09-01,ASO,-0.85,La Nina
921302,2020-09-01,ASO,-0.85,La Nina
921303,2020-09-01,ASO,-0.85,La Nina
912721,2020-09-01,ASO,-0.85,La Nina
935967,2021-01-01,DJF,-0.91,La Nina
938410,2021-01-01,DJF,-0.91,La Nina
938179,2021-02-01,JFM,-0.79,La Nina
938184,2021-02-01,JFM,-0.79,La Nina
938190,2021-02-01,JFM,-0.79,La Nina
938201,2021-02-01,JFM,-0.79,La Nina
938196,2021-02-01,JFM,-0.79,La Nina
940993,2021-02-01,JFM,-0.79,La Nina
938211,2021-02-01,JFM,-0.79,La Nina
940964,2021-02-01,JFM,-0.79,La Nina
938209,2021-02-01,JFM,-0.79,La Nina
938217,2021-02-01,JFM,-0.79,La Nina
940967,2021-02-01,JFM,-0.79,La Nina
940968,2021-02-01,JFM,-0.79,La Nina
940971,2021-02-01,JFM,-0.79,La Nina
938736,2021-02-01,JFM,-0.79,La Nina
945069,2021-02-01,JFM,-0.79,La Nina
945070,2021-02-01,JFM,-0.79,La Nina
945084,2021-02-01,JFM,-0.79,La Nina
945087,2021-02-01,JFM,-0.79,La Nina
945090,2021-02-01,JFM,-0.79,La Nina
945071,2021-02-01,JFM,-0.79,La Nina
938230,2021-02-01,JFM,-0.79,La Nina
938239,2021-02-01,JFM,-0.79,La Nina
945098,2021-02-01,JFM,-0.79,La Nina
938244,2021-02-01,JFM,-0.79,La Nina
938245,2021-02-01,JFM,-0.79,La Nina
938246,2021-02-01,JFM,-0.79,La Nina
945120,2021-02-01,JFM,-0.79,La Nina
945100,2021-02-01,JFM,-0.79,La Nina
938248,2021-02-01,JFM,-0.79,La Nina
945123,2021-02-01,JFM,-0.79,La Nina
945124,2021-02-01,JFM,-0.79,La Nina
945118,2021-02-01,JFM,-0.79,La Nina
938291,2021-02-01,JFM,-0.79,La Nina
945126,2021-02-01,JFM,-0.79,La Nina
938293,2021-02-01,JFM,-0.79,La Nina
938295,2021-02-01,JFM,-0.79,La Nina
938498,2021-02-01,JFM,-0.79,La Nina
938556,2021-02-01,JFM,-0.79,La Nina
938564,2021-02-01,JFM,-0.79,La Nina
945129,2021-02-01,JFM,-0.79,La Nina
938587,2021-03-01,FMA,-0.71,La Nina
938588,2021-03-01,FMA,-0.71,La Nina
938589,2021-03-01,FMA,-0.71,La Nina
938829,2021-03-01,FMA,-0.71,La Nina
938832,2021-03-01,FMA,-0.71,La Nina
938838,2021-03-01,FMA,-0.71,La Nina
938845,2021-03-01,FMA,-0.71,La Nina
938847,2021-03-01,FMA,-0.71,La Nina
938848,2021-03-01,FMA,-0.71,La Nina
938851,2021-03-01,FMA,-0.71,La Nina
938304,2021-03-01,FMA,-0.71,La Nina
938305,2021-03-01,FMA,-0.71,La Nina
938306,2021-03-01,FMA,-0.71,La Nina
938308,2021-03-01,FMA,-0.71,La Nina
938309,2021-03-01,FMA,-0.71,La Nina
950850,2021-03-01,FMA,-0.71,La Nina
950864,2021-03-01,FMA,-0.71,La Nina
950857,2021-03-01,FMA,-0.71,La Nina
950854,2021-03-01,FMA,-0.71,La Nina
950858,2021-03-01,FMA,-0.71,La Nina
950859,2021-03-01,FMA,-0.71,La Nina
950860,2021-03-01,FMA,-0.71,La Nina
952848,2021-04-01,MAM,-0.55,La Nina
949762,2021-04-01,MAM,-0.55,La Nina
953992,2021-05-01,AMJ,-0.39,Neutral
962806,2021-05-01,AMJ,-0.39,Neutral
962808,2021-05-01,AMJ,-0.39,Neutral
962809,2021-05-01,AMJ,-0.39,Neutral
962834,2021-05-01,AMJ,-0.39,Neutral
963057,2021-05-01,AMJ,-0.39,Neutral
962843,2021-05-01,AMJ,-0.39,Neutral
963055,2021-05-01,AMJ,-0.39,Neutral
963056,2021-05-01,AMJ,-0.39,Neutral
963054,2021-05-01,AMJ,-0.39,Neutral
963052,2021-05-01,AMJ,-0.39,Neutral
963051,2021-05-01,AMJ,-0.39,Neutral
963049,2021-05-01,AMJ,-0.39,Neutral
963048,2021-05-01,AMJ,-0.39,Neutral
963047,2021-05-01,AMJ,-0.39,Neutral
963043,2021-05-01,AMJ,-0.39,Neutral
963046,2021-05-01,AMJ,-0.39,Neutral
963045,2021-05-01,AMJ,-0.39,Neutral
963044,2021-05-01,AMJ,-0.39,Neutral
953993,2021-05-01,AMJ,-0.39,Neutral
953994,2021-05-01,AMJ,-0.39,Neutral
961284,2021-06-01,MJJ,-0.3,Neutral
958809,2021-06-01,MJJ,-0.3,Neutral
957848,2021-06-01,MJJ,-0.3,Neutral
958972,2021-06-01,MJJ,-0.3,Neutral
970178,2021-06-01,MJJ,-0.3,Neutral
956434,2021-06-01,MJJ,-0.3,Neutral
957850,2021-06-01,MJJ,-0.3,Neutral
956433,2021-06-01,MJJ,-0.3,Neutral
956430,2021-06-01,MJJ,-0.3,Neutral
956422,2021-06-01,MJJ,-0.3,Neutral
956418,2021-06-01,MJJ,-0.3,Neutral
957856,2021-06-01,MJJ,-0.3,Neutral
956417,2021-06-01,MJJ,-0.3,Neutral
956419,2021-06-01,MJJ,-0.3,Neutral
956413,2021-06-01,MJJ,-0.3,Neutral
956415,2021-06-01,MJJ,-0.3,Neutral
956416,2021-06-01,MJJ,-0.3,Neutral
956414,2021-06-01,MJJ,-0.3,Neutral
956412,2021-06-01,MJJ,-0.3,Neutral
956375,2021-06-01,MJJ,-0.3,Neutral
956376,2021-06-01,MJJ,-0.3,Neutral
956378,2021-06-01,MJJ,-0.3,Neutral
970182,2021-06-01,MJJ,-0.3,Neutral
953972,2021-06-01,MJJ,-0.3,Neutral
968773,2021-06-01,MJJ,-0.3,Neutral
962982,2021-06-01,MJJ,-0.3,Neutral
953973,2021-06-01,MJJ,-0.3,Neutral
969805,2021-06-01,MJJ,-0.3,Neutral
961289,2021-06-01,MJJ,-0.3,Neutral
970376,2021-07-01,JJA,-0.35,Neutral
970381,2021-07-01,JJA,-0.35,Neutral
970382,2021-07-01,JJA,-0.35,Neutral
970383,2021-07-01,JJA,-0.35,Neutral
970384,2021-07-01,JJA,-0.35,Neutral
975603,2021-07-01,JJA,-0.35,Neutral
975611,2021-07-01,JJA,-0.35,Neutral
975605,2021-07-01,JJA,-0.35,Neutral
975604,2021-07-01,JJA,-0.35,Neutral
975613,2021-07-01,JJA,-0.35,Neutral
975614,2021-07-01,JJA,-0.35,Neutral
975617,2021-07-01,JJA,-0.35,Neutral
975631,2021-07-01,JJA,-0.35,Neutral
975618,2021-07-01,JJA,-0.35,Neutral
964715,2021-07-01,JJA,-0.35,Neutral
964716,2021-07-01,JJA,-0.35,Neutral
964706,2021-07-01,JJA,-0.35,Neutral
964709,2021-07-01,JJA,-0.35,Neutral
964710,2021-07-01,JJA,-0.35,Neutral
964711,2021-07-01,JJA,-0.35,Neutral
964712,2021-07-01,JJA,-0.35,Neutral
964713,2021-07-01,JJA,-0.35,Neutral
964714,2021-07-01,JJA,-0.35,Neutral
965492,2021-07-01,JJA,-0.35,Neutral
968466,2021-07-01,JJA,-0.35,Neutral
965491,2021-07-01,JJA,-0.35,Neutral
964721,2021-07-01,JJA,-0.35,Neutral
975708,2021-07-01,JJA,-0.35,Neutral
964812,2021-07-01,JJA,-0.35,Neutral
964808,2021-07-01,JJA,-0.35,Neutral
964809,2021-07-01,JJA,-0.35,Neutral
968027,2021-07-01,JJA,-0.35,Neutral
968022,2021-07-01,JJA,-0.35,Neutral
965408,2021-07-01,JJA,-0.35,Neutral
973863,2021-07-01,JJA,-0.35,Neutral
976057,2021-07-01,JJA,-0.35,Neutral
975715,2021-07-01,JJA,-0.35,Neutral
975739,2021-07-01,JJA,-0.35,Neutral
976230,2021-07-01,JJA,-0.35,Neutral
976149,2021-07-01,JJA,-0.35,Neutral
976151,2021-07-01,JJA,-0.35,Neutral
976150,2021-07-01,JJA,-0.35,Neutral
976157,2021-07-01,JJA,-0.35,Neutral
976184,2021-07-01,JJA,-0.35,Neutral
976170,2021-07-01,JJA,-0.35,Neutral
976179,2021-07-01,JJA,-0.35,Neutral
976185,2021-07-01,JJA,-0.35,Neutral
976191,2021-07-01,JJA,-0.35,Neutral
976186,2021-07-01,JJA,-0.35,Neutral
976188,2021-07-01,JJA,-0.35,Neutral
976192,2021-07-01,JJA,-0.35,Neutral
975716,2021-07-01,JJA,-0.35,Neutral
976218,2021-07-01,JJA,-0.35,Neutral
976215,2021-07-01,JJA,-0.35,Neutral
976219,2021-07-01,JJA,-0.35,Neutral
975741,2021-07-01,JJA,-0.35,Neutral
976222,2021-07-01,JJA,-0.35,Neutral
981054,2021-08-01,JAS,-0.45,Neutral
981055,2021-08-01,JAS,-0.45,Neutral
981056,2021-08-01,JAS,-0.45,Neutral
966130,2021-08-01,JAS,-0.45,Neutral
966126,2021-08-01,JAS,-0.45,Neutral
966125,2021-08-01,JAS,-0.45,Neutral
981057,2021-08-01,JAS,-0.45,Neutral
981058,2021-08-01,JAS,-0.45,Neutral
981059,2021-08-01,JAS,-0.45,Neutral
981060,2021-08-01,JAS,-0.45,Neutral
981061,2021-08-01,JAS,-0.45,Neutral
981706,2021-08-01,JAS,-0.45,Neutral
981705,2021-08-01,JAS,-0.45,Neutral
981707,2021-08-01,JAS,-0.45,Neutral
981709,2021-08-01,JAS,-0.45,Neutral
971615,2021-08-01,JAS,-0.45,Neutral
975043,2021-08-01,JAS,-0.45,Neutral
971616,2021-08-01,JAS,-0.45,Neutral
981062,2021-08-01,JAS,-0.45,Neutral
969985,2021-08-01,JAS,-0.45,Neutral
981696,2021-08-01,JAS,-0.45,Neutral
981698,2021-08-01,JAS,-0.45,Neutral
981702,2021-08-01,JAS,-0.45,Neutral
981703,2021-08-01,JAS,-0.45,Neutral
981704,2021-08-01,JAS,-0.45,Neutral
981069,2021-08-01,JAS,-0.45,Neutral
971612,2021-08-01,JAS,-0.45,Neutral
971614,2021-08-01,JAS,-0.45,Neutral
987347,2021-09-01,ASO,-0.63,La Nina
987351,2021-09-01,ASO,-0.63,La Nina
987346,2021-09-01,ASO,-0.63,La Nina
985760,2021-09-01,ASO,-0.63,La Nina
985761,2021-09-01,ASO,-0.63,La Nina
985762,2021-09-01,ASO,-0.63,La Nina
987352,2021-09-01,ASO,-0.63,La Nina
985763,2021-09-01,ASO,-0.63,La Nina
989268,2021-10-01,SON,-0.76,La Nina
989269,2021-10-01,SON,-0.76,La Nina
989270,2021-10-01,SON,-0.76,La Nina
989271,2021-10-01,SON,-0.76,La Nina
980786,2021-10-01,SON,-0.76,La Nina
996845,2021-12-01,NDJ,-0.87,La Nina
996846,2021-12-01,NDJ,-0.87,La Nina
996849,2021-12-01,NDJ,-0.87,La Nina
1004921,2022-01-01,DJF,-0.82,La Nina
1004925,2022-01-01,DJF,-0.82,La Nina
1004927,2022-01-01,DJF,-0.82,La Nina
1004928,2022-01-01,DJF,-0.82,La Nina
1004923,2022-01-01,DJF,-0.82,La Nina
1004930,2022-01-01,DJF,-0.82,La Nina
1004929,2022-01-01,DJF,-0.82,La Nina
1004346,2022-01-01,DJF,-0.82,La Nina
1005229,2022-01-01,DJF,-0.82,La Nina
1004352,2022-01-01,DJF,-0.82,La Nina
1005246,2022-01-01,DJF,-0.82,La Nina
1004586,2022-01-01,DJF,-0.82,La Nina
1005248,2022-01-01,DJF,-0.82,La Nina
1004587,2022-01-01,DJF,-0.82,La Nina
1004588,2022-01-01,DJF,-0.82,La Nina
1004595,2022-01-01,DJF,-0.82,La Nina
1004603,2022-01-01,DJF,-0.82,La Nina
1004604,2022-01-01,DJF,-0.82,La Nina
1004606,2022-01-01,DJF,-0.82,La Nina
1004610,2022-01-01,DJF,-0.82,La Nina
1005584,2022-01-01,DJF,-0.82,La Nina
1005219,2022-01-01,DJF,-0.82,La Nina
1004932,2022-01-01,DJF,-0.82,La Nina
1004933,2022-01-01,DJF,-0.82,La Nina
994156,2022-01-01,DJF,-0.82,La Nina
994157,2022-01-01,DJF,-0.82,La Nina
994160,2022-01-01,DJF,-0.82,La Nina
999544,2022-01-01,DJF,-0.82,La Nina
1002490,2022-02-01,JFM,-0.79,La Nina
1002498,2022-02-01,JFM,-0.79,La Nina
1006624,2022-02-01,JFM,-0.79,La Nina
1002488,2022-02-01,JFM,-0.79,La Nina
1002500,2022-02-01,JFM,-0.79,La Nina
1016220,2022-03-01,FMA,-0.86,La Nina
1013335,2022-04-01,MAM,-0.95,La Nina
1013337,2022-04-01,MAM,-0.95,La Nina
1013339,2022-04-01,MAM,-0.95,La Nina
1017707,2022-05-01,AMJ,-0.9,La Nina
1017678,2022-05-01,AMJ,-0.9,La Nina
1031014,2022-05-01,AMJ,-0.9,La Nina
1014503,2022-05-01,AMJ,-0.9,La Nina
1017717,2022-05-01,AMJ,-0.9,La Nina
1017718,2022-05-01,AMJ,-0.9,La Nina
1014504,2022-05-01,AMJ,-0.9,La Nina
1017721,2022-05-01,AMJ,-0.9,La Nina
1017675,2022-05-01,AMJ,-0.9,La Nina
1017712,2022-05-01,AMJ,-0.9,La Nina
1068889,2022-05-01,AMJ,-0.9,La Nina
1028673,2022-05-01,AMJ,-0.9,La Nina
1028059,2022-05-01,AMJ,-0.9,La Nina
1028030,2022-05-01,AMJ,-0.9,La Nina
1032597,2022-06-01,MJJ,-0.78,La Nina
1039008,2022-07-01,JJA,-0.76,La Nina
1048041,2022-07-01,JJA,-0.76,La Nina
1048025,2022-07-01,JJA,-0.76,La Nina
1048029,2022-07-01,JJA,-0.76,La Nina
1039032,2022-07-01,JJA,-0.76,La Nina
1043775,2022-07-01,JJA,-0.76,La Nina
1039036,2022-07-01,JJA,-0.76,La Nina
1029508,2022-07-01,JJA,-0.76,La Nina
1029509,2022-07-01,JJA,-0.76,La Nina
1040116,2022-07-01,JJA,-0.76,La Nina
1046294,2022-07-01,JJA,-0.76,La Nina
1046295,2022-07-01,JJA,-0.76,La Nina
1046296,2022-07-01,JJA,-0.76,La Nina
1041990,2022-07-01,JJA,-0.76,La Nina
1041991,2022-07-01,JJA,-0.76,La Nina
1041992,2022-07-01,JJA,-0.76,La Nina
1041993,2022-07-01,JJA,-0.76,La Nina
1041994,2022-07-01,JJA,-0.76,La Nina
1041997,2022-07-01,JJA,-0.76,La Nina
1041995,2022-07-01,JJA,-0.76,La Nina
1041999,2022-07-01,JJA,-0.76,La Nina
1042000,2022-07-01,JJA,-0.76,La Nina
1042001,2022-07-01,JJA,-0.76,La Nina
1048103,2022-07-01,JJA,-0.76,La Nina
1048101,2022-07-01,JJA,-0.76,La Nina
1049203,2022-07-01,JJA,-0.76,La Nina
1048131,2022-07-01,JJA,-0.76,La Nina
1048109,2022-07-01,JJA,-0.76,La Nina
1049118,2022-07-01,JJA,-0.76,La Nina
1049081,2022-07-01,JJA,-0.76,La Nina
1049134,2022-07-01,JJA,-0.76,La Nina
1048110,2022-07-01,JJA,-0.76,La Nina
1049130,2022-07-01,JJA,-0.76,La Nina
1049192,2022-07-01,JJA,-0.76,La Nina
1049145,2022-07-01,JJA,-0.76,La Nina
1049184,2022-07-01,JJA,-0.76,La Nina
1048111,2022-07-01,JJA,-0.76,La Nina
1049108,2022-07-01,JJA,-0.76,La Nina
1049197,2022-07-01,JJA,-0.76,La Nina
1049202,2022-07-01,JJA,-0.76,La Nina
1049115,2022-07-01,JJA,-0.76,La Nina
1046304,2022-07-01,JJA,-0.76,La Nina
1049154,2022-07-01,JJA,-0.76,La Nina
1049189,2022-07-01,JJA,-0.76,La Nina
1049413,2022-07-01,JJA,-0.76,La Nina
1049385,2022-07-01,JJA,-0.76,La Nina
1049408,2022-07-01,JJA,-0.76,La Nina
1049400,2022-07-01,JJA,-0.76,La Nina
1039741,2022-07-01,JJA,-0.76,La Nina
1039743,2022-07-01,JJA,-0.76,La Nina
1041047,2022-07-01,JJA,-0.76,La Nina
1041046,2022-07-01,JJA,-0.76,La Nina
1041041,2022-07-01,JJA,-0.76,La Nina
1041043,2022-07-01,JJA,-0.76,La Nina
1041042,2022-07-01,JJA,-0.76,La Nina
1041044,2022-07-01,JJA,-0.76,La Nina
1041045,2022-07-01,JJA,-0.76,La Nina
1041048,2022-07-01,JJA,-0.76,La Nina
1041049,2022-07-01,JJA,-0.76,La Nina
1040712,2022-08-01,JAS,-0.87,La Nina
1040718,2022-08-01,JAS,-0.87,La Nina
1040733,2022-08-01,JAS,-0.87,La Nina
1040708,2022-08-01,JAS,-0.87,La Nina
1040734,2022-08-01,JAS,-0.87,La Nina
1040736,2022-08-01,JAS,-0.87,La Nina
1040740,2022-08-01,JAS,-0.87,La Nina
1049299,2022-08-01,JAS,-0.87,La Nina
1049301,2022-08-01,JAS,-0.87,La Nina
1053145,2022-08-01,JAS,-0.87,La Nina
1053149,2022-08-01,JAS,-0.87,La Nina
1053147,2022-08-01,JAS,-0.87,La Nina
1053150,2022-08-01,JAS,-0.87,La Nina
1053148,2022-08-01,JAS,-0.87,La Nina
1053143,2022-08-01,JAS,-0.87,La Nina
1053144,2022-08-01,JAS,-0.87,La Nina
1053146,2022-08-01,JAS,-0.87,La Nina
1046446,2022-08-01,JAS,-0.87,La Nina
1046445,2022-08-01,JAS,-0.87,La Nina
1046447,2022-08-01,JAS,-0.87,La Nina
1046452,2022-08-01,JAS,-0.87,La Nina
1046055,2022-08-01,JAS,-0.87,La Nina
1046054,2022-08-01,JAS,-0.87,La Nina
1046059,2022-08-01,JAS,-0.87,La Nina
1046061,2022-08-01,JAS,-0.87,La Nina
1046063,2022-08-01,JAS,-0.87,La Nina
1046471,2022-08-01,JAS,-0.87,La Nina
1046056,2022-08-01,JAS,-0.87,La Nina
1046473,2022-08-01,JAS,-0.87,La Nina
1046058,2022-08-01,JAS,-0.87,La Nina
1046453,2022-08-01,JAS,-0.87,La Nina
1046066,2022-08-01,JAS,-0.87,La Nina
1046067,2022-08-01,JAS,-0.87,La Nina
1046069,2022-08-01,JAS,-0.87,La Nina
1046068,2022-08-01,JAS,-0.87,La Nina
1053227,2022-08-01,JAS,-0.87,La Nina
1053224,2022-08-01,JAS,-0.87,La Nina
1053183,2022-08-01,JAS,-0.87,La Nina
1049729,2022-08-01,JAS,-0.87,La Nina
1051575,2022-08-01,JAS,-0.87,La Nina
1051579,2022-08-01,JAS,-0.87,La Nina
1051720,2022-09-01,ASO,-0.97,La Nina
1058146,2022-09-01,ASO,-0.97,La Nina
1051686,2022-09-01,ASO,-0.97,La Nina
1051687,2022-09-01,ASO,-0.97,La Nina
1058147,2022-09-01,ASO,-0.97,La Nina
1051721,2022-09-01,ASO,-0.97,La Nina
1058148,2022-09-01,ASO,-0.97,La Nina
1058149,2022-09-01,ASO,-0.97,La Nina
1058152,2022-09-01,ASO,-0.97,La Nina
1058153,2022-09-01,ASO,-0.97,La Nina
1058154,2022-09-01,ASO,-0.97,La Nina
1071167,2023-01-01,DJF,-0.54,La Nina
1071168,2023-01-01,DJF,-0.54,La Nina
1071169,2023-01-01,DJF,-0.54,La Nina
1071170,2023-01-01,DJF,-0.54,La Nina
1070805,2023-01-01,DJF,-0.54,La Nina
1070812,2023-01-01,DJF,-0.54,La Nina
1070818,2023-01-01,DJF,-0.54,La Nina
1071178,2023-01-01,DJF,-0.54,La Nina
1071179,2023-01-01,DJF,-0.54,La Nina
1070820,2023-01-01,DJF,-0.54,La Nina
1071171,2023-01-01,DJF,-0.54,La Nina
1071173,2023-01-01,DJF,-0.54,La Nina
1071175,2023-01-01,DJF,-0.54,La Nina
1071174,2023-01-01,DJF,-0.54,La Nina
1071184,2023-01-01,DJF,-0.54,La Nina
1071182,2023-01-01,DJF,-0.54,La Nina
1071176,2023-01-01,DJF,-0.54,La Nina
1071264,2023-01-01,DJF,-0.54,La Nina
1071266,2023-01-01,DJF,-0.54,La Nina
1071267,2023-01-01,DJF,-0.54,La Nina
1071269,2023-01-01,DJF,-0.54,La Nina
1071309,2023-01-01,DJF,-0.54,La Nina
1071274,2023-01-01,DJF,-0.54,La Nina
1071271,2023-01-01,DJF,-0.54,La Nina
1071270,2023-01-01,DJF,-0.54,La Nina
1071289,2023-01-01,DJF,-0.54,La Nina
1071290,2023-01-01,DJF,-0.54,La Nina
1071302,2023-01-01,DJF,-0.54,La Nina
1071303,2023-01-01,DJF,-0.54,La Nina
1071305,2023-01-01,DJF,-0.54,La Nina
1071307,2023-01-01,DJF,-0.54,La Nina
1063421,2023-01-01,DJF,-0.54,La Nina
1063965,2023-01-01,DJF,-0.54,La Nina
1063423,2023-01-01,DJF,-0.54,La Nina
1063966,2023-01-01,DJF,-0.54,La Nina
1071308,2023-01-01,DJF,-0.54,La Nina
1063967,2023-01-01,DJF,-0.54,La Nina
1064550,2023-01-01,DJF,-0.54,La Nina
1063970,2023-01-01,DJF,-0.54,La Nina
1063969,2023-01-01,DJF,-0.54,La Nina
1063427,2023-01-01,DJF,-0.54,La Nina
1063434,2023-01-01,DJF,-0.54,La Nina
1078729,2023-02-01,JFM,-0.29,Neutral
1075680,2023-02-01,JFM,-0.29,Neutral
1082501,2023-02-01,JFM,-0.29,Neutral
1082502,2023-02-01,JFM,-0.29,Neutral
1082504,2023-02-01,JFM,-0.29,Neutral
1075681,2023-02-01,JFM,-0.29,Neutral
1075682,2023-02-01,JFM,-0.29,Neutral
1082505,2023-02-01,JFM,-0.29,Neutral
1082513,2023-02-01,JFM,-0.29,Neutral
1075684,2023-02-01,JFM,-0.29,Neutral
1082515,2023-02-01,JFM,-0.29,Neutral
1082516,2023-02-01,JFM,-0.29,Neutral
1082517,2023-02-01,JFM,-0.29,Neutral
1082518,2023-02-01,JFM,-0.29,Neutral
1082519,2023-02-01,JFM,-0.29,Neutral
1083323,2023-02-01,JFM,-0.29,Neutral
1082940,2023-03-01,FMA,-0.02,Neutral
1082949,2023-03-01,FMA,-0.02,Neutral
1082941,2023-03-01,FMA,-0.02,Neutral
1082942,2023-03-01,FMA,-0.02,Neutral
1082944,2023-03-01,FMA,-0.02,Neutral
1082934,2023-03-01,FMA,-0.02,Neutral
1082945,2023-03-01,FMA,-0.02,Neutral
1082947,2023-03-01,FMA,-0.02,Neutral
1085394,2023-03-01,FMA,-0.02,Neutral
1082943,2023-03-01,FMA,-0.02,Neutral
1085393,2023-03-01,FMA,-0.02,Neutral
1084604,2023-03-01,FMA,-0.02,Neutral
1085398,2023-03-01,FMA,-0.02,Neutral
1084605,2023-03-01,FMA,-0.02,Neutral
1084606,2023-03-01,FMA,-0.02,Neutral
1093986,2023-05-01,AMJ,0.57,El Nino
1093987,2023-05-01,AMJ,0.57,El Nino
1102490,2023-06-01,MJJ,0.84,El Nino
1119261,2023-06-01,MJJ,0.84,El Nino
1115236,2023-06-01,MJJ,0.84,El Nino
1119188,2023-06-01,MJJ,0.84,El Nino
1102484,2023-06-01,MJJ,0.84,El Nino
1119190,2023-06-01,MJJ,0.84,El Nino
1124113,2023-07-01,JJA,1.12,El Nino
1128824,2023-07-01,JJA,1.12,El Nino
1128825,2023-07-01,JJA,1.12,El Nino
1128827,2023-07-01,JJA,1.12,El Nino
1128831,2023-07-01,JJA,1.12,El Nino
1116248,2023-07-01,JJA,1.12,El Nino
1116250,2023-07-01,JJA,1.12,El Nino
1102154,2023-07-01,JJA,1.12,El Nino
1102165,2023-07-01,JJA,1.12,El Nino
1102183,2023-07-01,JJA,1.12,El Nino
1102181,2023-07-01,JJA,1.12,El Nino
1102170,2023-07-01,JJA,1.12,El Nino
1102172,2023-07-01,JJA,1.12,El Nino
1102178,2023-07-01,JJA,1.12,El Nino
1102185,2023-07-01,JJA,1.12,El Nino
1108789,2023-07-01,JJA,1.12,El Nino
1108793,2023-07-01,JJA,1.12,El Nino
1117240,2023-07-01,JJA,1.12,El Nino
1128926,2023-07-01,JJA,1.12,El Nino
1128927,2023-07-01,JJA,1.12,El Nino
1128929,2023-07-01,JJA,1.12,El Nino
1128930,2023-07-01,JJA,1.12,El Nino
1128931,2023-07-01,JJA,1.12,El Nino
1128932,2023-07-01,JJA,1.12,El Nino
1121608,2023-08-01,JAS,1.37,El Nino
1122681,2023-08-01,JAS,1.37,El Nino
1122686,2023-08-01,JAS,1.37,El Nino
1128432,2023-08-01,JAS,1.37,El Nino
1122731,2023-08-01,JAS,1.37,El Nino
1122732,2023-08-01,JAS,1.37,El Nino
1126961,2023-08-01,JAS,1.37,El Nino
1126965,2023-08-01,JAS,1.37,El Nino
1126968,2023-08-01,JAS,1.37,El Nino
1126970,2023-08-01,JAS,1.37,El Nino
1133994,2023-09-01,ASO,1.6,El Nino
1139018,2023-09-01,ASO,1.6,El Nino
1139020,2023-09-01,ASO,1.6,El Nino
1139022,2023-09-01,ASO,1.6,El Nino
1133996,2023-09-01,ASO,1.6,El Nino
1137218,2023-09-01,ASO,1.6,El Nino
1156474,2024-02-01,JFM,1.62,El Nino
1156475,2024-02-01,JFM,1.62,El Nino
1165562,2024-03-01,FMA,1.26,El Nino
1176922,2024-04-01,MAM,0.82,El Nino
1189061,2024-05-01,AMJ,0.49,Neutral
1176904,2024-05-01,AMJ,0.49,Neutral
1176905,2024-05-01,AMJ,0.49,Neutral
1176906,2024-05-01,AMJ,0.49,Neutral
1176907,2024-05-01,AMJ,0.49,Neutral
1176908,2024-05-01,AMJ,0.49,Neutral
1184016,2024-05-01,AMJ,0.49,Neutral
1183969,2024-05-01,AMJ,0.49,Neutral
1184049,2024-05-01,AMJ,0.49,Neutral
1183973,2024-05-01,AMJ,0.49,Neutral
1184087,2024-05-01,AMJ,0.49,Neutral
1188682,2024-05-01,AMJ,0.49,Neutral
1188683,2024-05-01,AMJ,0.49,Neutral
1188684,2024-05-01,AMJ,0.49,Neutral
1188685,2024-05-01,AMJ,0.49,Neutral
1188687,2024-05-01,AMJ,0.49,Neutral
1188688,2024-05-01,AMJ,0.49,Neutral
1188689,2024-05-01,AMJ,0.49,Neutral
1182122,2024-05-01,AMJ,0.49,Neutral
1188730,2024-05-01,AMJ,0.49,Neutral
1181224,2024-05-01,AMJ,0.49,Neutral
1184229,2024-05-01,AMJ,0.49,Neutral
1184095,2024-05-01,AMJ,0.49,Neutral
1181255,2024-05-01,AMJ,0.49,Neutral
1186151,2024-05-01,AMJ,0.49,Neutral
1186158,2024-05-01,AMJ,0.49,Neutral
1188049,2024-05-01,AMJ,0.49,Neutral
1188056,2024-05-01,AMJ,0.49,Neutral
1188099,2024-05-01,AMJ,0.49,Neutral
1188073,2024-05-01,AMJ,0.49,Neutral
1188060,2024-05-01,AMJ,0.49,Neutral
1188101,2024-05-01,AMJ,0.49,Neutral
1193664,2024-06-01,MJJ,0.22,Neutral
1191082,2024-06-01,MJJ,0.22,Neutral
1191083,2024-06-01,MJJ,0.22,Neutral
1191086,2024-06-01,MJJ,0.22,Neutral
1181815,2024-06-01,MJJ,0.22,Neutral
1206804,2024-07-01,JJA,0.08,Neutral
1203284,2024-07-01,JJA,0.08,Neutral
1203281,2024-07-01,JJA,0.08,Neutral
1203286,2024-07-01,JJA,0.08,Neutral
1203283,2024-07-01,JJA,0.08,Neutral
1203282,2024-07-01,JJA,0.08,Neutral
1203285,2024-07-01,JJA,0.08,Neutral
1203243,2024-07-01,JJA,0.08,Neutral
1206852,2024-07-01,JJA,0.08,Neutral
1206853,2024-07-01,JJA,0.08,Neutral
1206855,2024-07-01,JJA,0.08,Neutral
1206923,2024-07-01,JJA,0.08,Neutral
1204720,2024-07-01,JJA,0.08,Neutral
1204729,2024-07-01,JJA,0.08,Neutral
1204734,2024-07-01,JJA,0.08,Neutral
1206943,2024-07-01,JJA,0.08,Neutral
1206946,2024-07-01,JJA,0.08,Neutral
1206947,2024-07-01,JJA,0.08,Neutral
1211191,2024-08-01,JAS,-0.07,Neutral
1211193,2024-08-01,JAS,-0.07,Neutral
1211192,2024-08-01,JAS,-0.07,Neutral
1200418,2024-08-01,JAS,-0.07,Neutral
1200419,2024-08-01,JAS,-0.07,Neutral
1200420,2024-08-01,JAS,-0.07,Neutral
1218307,2024-09-01,ASO,-0.17,Neutral
1217187,2024-09-01,ASO,-0.17,Neutral
1217186,2024-09-01,ASO,-0.17,Neutral
1217190,2024-09-01,ASO,-0.17,Neutral
1229909,2025-01-01,DJF,-0.45,Neutral
1229921,2025-01-01,DJF,-0.45,Neutral
1229929,2025-01-01,DJF,-0.45,Neutral
1229931,2025-01-01,DJF,-0.45,Neutral
1229930,2025-01-01,DJF,-0.45,Neutral
1235029,2025-02-01,JFM,-0.24,Neutral
1236385,2025-02-01,JFM,-0.24,Neutral
1236251,2025-02-01,JFM,-0.24,Neutral
1236546,2025-02-01,JFM,-0.24,Neutral
1236232,2025-02-01,JFM,-0.24,Neutral
1236559,2025-02-01,JFM,-0.24,Neutral
1237989,2025-02-01,JFM,-0.24,Neutral
1238011,2025-02-01,JFM,-0.24,Neutral
1236137,2025-02-01,JFM,-0.24,Neutral
1236386,2025-02-01,JFM,-0.24,Neutral
1237990,2025-02-01,JFM,-0.24,Neutral
1237992,2025-02-01,JFM,-0.24,Neutral
1236235,2025-02-01,JFM,-0.24,Neutral
1235578,2025-02-01,JFM,-0.24,Neutral
1236548,2025-02-01,JFM,-0.24,Neutral
1236650,2025-02-01,JFM,-0.24,Neutral
1237991,2025-02-01,JFM,-0.24,Neutral
1236387,2025-02-01,JFM,-0.24,Neutral
1236388,2025-02-01,JFM,-0.24,Neutral
1238024,2025-02-01,JFM,-0.24,Neutral
1235577,2025-02-01,JFM,-0.24,Neutral
1236139,2025-02-01,JFM,-0.24,Neutral
1237372,2025-02-01,JFM,-0.24,Neutral
1236566,2025-02-01,JFM,-0.24,Neutral
1236598,2025-02-01,JFM,-0.24,Neutral
1236867,2025-02-01,JFM,-0.24,Neutral
1237869,2025-02-01,JFM,-0.24,Neutral
1236389,2025-02-01,JFM,-0.24,Neutral
1236390,2025-02-01,JFM,-0.24,Neutral
1236135,2025-02-01,JFM,-0.24,Neutral
1236658,2025-02-01,JFM,-0.24,Neutral
1237358,2025-02-01,JFM,-0.24,Neutral
1238006,2025-02-01,JFM,-0.24,Neutral
1236252,2025-02-01,JFM,-0.24,Neutral
1236612,2025-02-01,JFM,-0.24,Neutral
1237337,2025-02-01,JFM,-0.24,Neutral
1236584,2025-02-01,JFM,-0.24,Neutral
1236541,2025-02-01,JFM,-0.24,Neutral
1237355,2025-02-01,JFM,-0.24,Neutral
1237377,2025-02-01,JFM,-0.24,Neutral
1237374,2025-02-01,JFM,-0.24,Neutral
1237388,2025-02-01,JFM,-0.24,Neutral
1230212,2025-02-01,JFM,-0.24,Neutral
1236868,2025-02-01,JFM,-0.24,Neutral
1236693,2025-02-01,JFM,-0.24,Neutral
1236694,2025-02-01,JFM,-0.24,Neutral
1230214,2025-02-01,JFM,-0.24,Neutral
1237360,2025-02-01,JFM,-0.24,Neutral
1237356,2025-02-01,JFM,-0.24,Neutral
1287244,2025-02-01,JFM,-0.24,Neutral
1236544,2025-02-01,JFM,-0.24,Neutral
1238004,2025-02-01,JFM,-0.24,Neutral
1236440,2025-02-01,JFM,-0.24,Neutral
1236537,2025-02-01,JFM,-0.24,Neutral
1287236,2025-02-01,JFM,-0.24,Neutral
1238003,2025-02-01,JFM,-0.24,Neutral
1236398,2025-02-01,JFM,-0.24,Neutral
1236394,2025-02-01,JFM,-0.24,Neutral
1236136,2025-02-01,JFM,-0.24,Neutral
1238002,2025-02-01,JFM,-0.24,Neutral
1238001,2025-02-01,JFM,-0.24,Neutral
1238000,2025-02-01,JFM,-0.24,Neutral
1229943,2025-02-01,JFM,-0.24,Neutral
1231561,2025-02-01,JFM,-0.24,Neutral
1229942,2025-02-01,JFM,-0.24,Neutral
1229941,2025-02-01,JFM,-0.24,Neutral
1238021,2025-02-01,JFM,-0.24,Neutral
1236451,2025-02-01,JFM,-0.24,Neutral
1238014,2025-02-01,JFM,-0.24,Neutral
1237995,2025-02-01,JFM,-0.24,Neutral
1229940,2025-02-01,JFM,-0.24,Neutral
1229939,2025-02-01,JFM,-0.24,Neutral
1245600,2025-03-01,FMA,-0.06,Neutral
1245601,2025-03-01,FMA,-0.06,Neutral
1258926,2025-04-01,MAM,0.02,Neutral
1258927,2025-04-01,MAM,0.02,Neutral
1259147,2025-04-01,MAM,0.02,Neutral
1258928,2025-04-01,MAM,0.02,Neutral
1258929,2025-04-01,MAM,0.02,Neutral
1258931,2025-04-01,MAM,0.02,Neutral
1258932,2025-04-01,MAM,0.02,Neutral
1258930,2025-04-01,MAM,0.02,Neutral
1274739,2025-04-01,MAM,0.02,Neutral
1258933,2025-04-01,MAM,0.02,Neutral
1258934,2025-04-01,MAM,0.02,Neutral
1258935,2025-04-01,MAM,0.02,Neutral
1258936,2025-04-01,MAM,0.02,Neutral
1258941,2025-04-01,MAM,0.02,Neutral
1258942,2025-04-01,MAM,0.02,Neutral
1258943,2025-04-01,MAM,0.02,Neutral
1258937,2025-04-01,MAM,0.02,Neutral
1258939,2025-04-01,MAM,0.02,Neutral
1258940,2025-04-01,MAM,0.02,Neutral
1258944,2025-04-01,MAM,0.02,Neutral
1258945,2025-04-01,MAM,0.02,Neutral
1258946,2025-04-01,MAM,0.02,Neutral
1258947,2025-04-01,MAM,0.02,Neutral
1258948,2025-04-01,MAM,0.02,Neutral
1258949,2025-04-01,MAM,0.02,Neutral
1258950,2025-04-01,MAM,0.02,Neutral
1258952,2025-04-01,MAM,0.02,Neutral
1258951,2025-04-01,MAM,0.02,Neutral
1274745,2025-04-01,MAM,0.02,Neutral
1258953,2025-04-01,MAM,0.02,Neutral
1274875,2025-04-01,MAM,0.02,Neutral
1274773,2025-04-01,MAM,0.02,Neutral
1274750,2025-04-01,MAM,0.02,Neutral
1258954,2025-04-01,MAM,0.02,Neutral
1259199,2025-04-01,MAM,0.02,Neutral
1274748,2025-04-01,MAM,0.02,Neutral
1274877,2025-04-01,MAM,0.02,Neutral
1258955,2025-04-01,MAM,0.02,Neutral
1242852,2025-04-01,MAM,0.02,Neutral
1242853,2025-04-01,MAM,0.02,Neutral
1242854,2025-04-01,MAM,0.02,Neutral
1245435,2025-04-01,MAM,0.02,Neutral
1274881,2025-04-01,MAM,0.02,Neutral
1242878,2025-04-01,MAM,0.02,Neutral
1242881,2025-04-01,MAM,0.02,Neutral
1242880,2025-04-01,MAM,0.02,Neutral
1258958,2025-04-01,MAM,0.02,Neutral
1258959,2025-04-01,MAM,0.02,Neutral
1258960,2025-04-01,MAM,0.02,Neutral
1258961,2025-04-01,MAM,0.02,Neutral
1277540,2025-04-01,MAM,0.02,Neutral
1258969,2025-04-01,MAM,0.02,Neutral
1258962,2025-04-01,MAM,0.02,Neutral
1258966,2025-04-01,MAM,0.02,Neutral
1258963,2025-04-01,MAM,0.02,Neutral
1258964,2025-04-01,MAM,0.02,Neutral
1277349,2025-04-01,MAM,0.02,Neutral
1258967,2025-04-01,MAM,0.02,Neutral
1258968,2025-04-01,MAM,0.02,Neutral
1258973,2025-04-01,MAM,0.02,Neutral
1258975,2025-04-01,MAM,0.02,Neutral
1258976,2025-04-01,MAM,0.02,Neutral
1258974,2025-04-01,MAM,0.02,Neutral
1258970,2025-04-01,MAM,0.02,Neutral
1258971,2025-04-01,MAM,0.02,Neutral
1258972,2025-04-01,MAM,0.02,Neutral
1246691,2025-04-01,MAM,0.02,Neutral
1246709,2025-04-01,MAM,0.02,Neutral
1251092,2025-05-01,AMJ,-0.02,Neutral
1292952,2025-05-01,AMJ,-0.02,Neutral
1292951,2025-05-01,AMJ,-0.02,Neutral
1292873,2025-05-01,AMJ,-0.02,Neutral
1291959,2025-05-01,AMJ,-0.02,Neutral
1292711,2025-05-01,AMJ,-0.02,Neutral
1272575,2025-05-01,AMJ,-0.02,Neutral
1267538,2025-05-01,AMJ,-0.02,Neutral
1252143,2025-05-01,AMJ,-0.02,Neutral
1252146,2025-05-01,AMJ,-0.02,Neutral
1262678,2025-06-01,MJJ,-0.04,Neutral
1262681,2025-06-01,MJJ,-0.04,Neutral
1271649,2025-06-01,MJJ,-0.04,Neutral
1271652,2025-06-01,MJJ,-0.04,Neutral
1271654,2025-06-01,MJJ,-0.04,Neutral
1271656,2025-06-01,MJJ,-0.04,Neutral
1292625,2025-06-01,MJJ,-0.04,Neutral
1271660,2025-06-01,MJJ,-0.04,Neutral
1271662,2025-06-01,MJJ,-0.04,Neutral
1271665,2025-06-01,MJJ,-0.04,Neutral
1271669,2025-06-01,MJJ,-0.04,Neutral
1271670,2025-06-01,MJJ,-0.04,Neutral
1266994,2025-06-01,MJJ,-0.04,Neutral
1270911,2025-06-01,MJJ,-0.04,Neutral
1270959,2025-06-01,MJJ,-0.04,Neutral
1270962,2025-06-01,MJJ,-0.04,Neutral
1270965,2025-06-01,MJJ,-0.04,Neutral
1270967,2025-06-01,MJJ,-0.04,Neutral
1270968,2025-06-01,MJJ,-0.04,Neutral
1266031,2025-07-01,JJA,-0.14,Neutral
1266037,2025-07-01,JJA,-0.14,Neutral
1266050,2025-07-01,JJA,-0.14,Neutral
1266052,2025-07-01,JJA,-0.14,Neutral
1266053,2025-07-01,JJA,-0.14,Neutral
1266054,2025-07-01,JJA,-0.14,Neutral
1290068,2025-07-01,JJA,-0.14,Neutral
1294806,2025-07-01,JJA,-0.14,Neutral
1268507,2025-07-01,JJA,-0.14,Neutral
1275331,2025-07-01,JJA,-0.14,Neutral
1275292,2025-07-01,JJA,-0.14,Neutral
1275293,2025-07-01,JJA,-0.14,Neutral
1304116,2025-07-01,JJA,-0.14,Neutral
1275294,2025-07-01,JJA,-0.14,Neutral
1275295,2025-07-01,JJA,-0.14,Neutral
1273610,2025-07-01,JJA,-0.14,Neutral
1273616,2025-07-01,JJA,-0.14,Neutral
1268508,2025-07-01,JJA,-0.14,Neutral
1289969,2025-08-01,JAS,-0.28,Neutral
1293706,2025-09-01,ASO,-0.4,Neutral
1287795,2025-09-01,ASO,-0.4,Neutral
1287796,2025-09-01,ASO,-0.4,Neutral
1295856,2025-10-01,SON,-0.51,La Nina
1295857,2025-10-01,SON,-0.51,La Nina
1297630,2025-10-01,SON,-0.51,La Nina
1297631,2025-10-01,SON,-0.51,La Nina
1297632,2025-10-01,SON,-0.51,La Nina
1297629,2025-10-01,SON,-0.51,La Nina
1295858,2025-10-01,SON,-0.51,La Nina
1295859,2025-10-01,SON,-0.51,La Nina
1295860,2025-10-01,SON,-0.51,La Nina
