event_id,nlcd_code,nlcd_class,elevation_m,impervious_surface_pct
564702,24,"Developed, High Intensity",149.975,83
564703,24,"Developed, High Intensity",140.396,84
564704,21,"Developed, Open Space",236.4,0
564706,21,"Developed, Open Space",209.8,0
564705,24,"Developed, High Intensity",142.241,88
564707,22,"Developed, Low Intensity",139.555,45
566660,41,Deciduous Forest,188.984,0
564708,24,"Developed, High Intensity",145.13,81
566661,41,Deciduous Forest,266.673,0
566663,21,"Developed, Open Space",202.078,6
566666,81,Pasture/Hay,205.748,0
566669,41,Deciduous Forest,302.682,0
566664,81,Pasture/Hay,192.636,0
566673,21,"Developed, Open Space",287.421,11
566675,41,Deciduous Forest,338.482,0
566683,21,"Developed, Open Space",223.7,0
566685,41,Deciduous Forest,350.481,0
566698,41,Deciduous Forest,285.504,0
566699,41,Deciduous Forest,298.035,0
566700,41,Deciduous Forest,324.33,0
566701,23,"Developed, Medium Intensity",201.476,75
566703,41,Deciduous Forest,377.938,0
566704,81,Pasture/Hay,367.847,0
566747,43,Mixed Forest,214.267,0
566706,41,Deciduous Forest,212.899,0
566707,43,Mixed Forest,228.172,0
564709,41,Deciduous Forest,138.01,0
564714,21,"Developed, Open Space",130.833,8
566717,41,Deciduous Forest,473.682,0
569334,11,Open Water,184.953,0
566716,41,Deciduous Forest,374.15,0
564712,22,"Developed, Low Intensity",139.488,42
564711,23,"Developed, Medium Intensity",296.016,67
564710,81,Pasture/Hay,147.42,0
564716,81,Pasture/Hay,216.069,0
564715,21,"Developed, Open Space",221.766,4
564713,81,Pasture/Hay,280.545,0
569325,41,Deciduous Forest,323.976,0
569329,21,"Developed, Open Space",219.146,0
564720,81,Pasture/Hay,149.698,0
564718,82,Cultivated Crops,185.609,0
564717,81,Pasture/Hay,372.429,0
564719,81,Pasture/Hay,222.219,0
564721,81,Pasture/Hay,153.624,0
566719,41,Deciduous Forest,201.166,0
566720,82,Cultivated Crops,292.638,0
566721,22,"Developed, Low Intensity",304.116,21
566725,24,"Developed, High Intensity",232.571,84
566727,81,Pasture/Hay,271.21,0
566726,41,Deciduous Forest,261.817,0
558324,41,Deciduous Forest,305.002,0
569343,23,"Developed, Medium Intensity",326.669,75
569346,41,Deciduous Forest,327.398,0
569347,23,"Developed, Medium Intensity",303.182,65
564734,81,Pasture/Hay,151.513,0
569335,81,Pasture/Hay,191.108,0
569336,90,Woody Wetlands,188.976,0
569337,82,Cultivated Crops,190.804,0
569338,41,Deciduous Forest,356.309,0
565631,21,"Developed, Open Space",167.962,0
570937,22,"Developed, Low Intensity",230.065,34
570936,82,Cultivated Crops,175.783,0
582701,41,Deciduous Forest,421.877,0
575804,23,"Developed, Medium Intensity",140.215,79
575808,21,"Developed, Open Space",265.508,11
579525,11,Open Water,109.728,0
576534,22,"Developed, Low Intensity",134.319,32
576536,21,"Developed, Open Space",256.274,8
576537,22,"Developed, Low Intensity",290.346,37
576538,41,Deciduous Forest,267.291,0
579552,82,Cultivated Crops,114.474,0
579557,41,Deciduous Forest,157.394,0
579554,82,Cultivated Crops,111.349,0
574805,41,Deciduous Forest,230.022,0
583509,81,Pasture/Hay,322.37,0
583510,82,Cultivated Crops,284.947,0
583512,22,"Developed, Low Intensity",333.669,48
583635,81,Pasture/Hay,134.471,0
583637,81,Pasture/Hay,220.848,0
583638,81,Pasture/Hay,230.858,0
583639,81,Pasture/Hay,225.622,0
583526,41,Deciduous Forest,311.627,0
583569,23,"Developed, Medium Intensity",357.648,41
583547,41,Deciduous Forest,207.609,0
583553,21,"Developed, Open Space",385.036,9
583640,21,"Developed, Open Space",247.734,15
583556,21,"Developed, Open Space",350.395,10
583559,81,Pasture/Hay,210.622,0
583560,81,Pasture/Hay,242.017,0
583641,81,Pasture/Hay,138.852,0
583642,41,Deciduous Forest,183.606,0
583643,21,"Developed, Open Space",302.585,10
588933,41,Deciduous Forest,141.947,0
583644,41,Deciduous Forest,275.705,0
583645,23,"Developed, Medium Intensity",278.785,56
583646,21,"Developed, Open Space",216.518,11
583647,82,Cultivated Crops,215.063,0
575665,71,Grassland/Herbaceous,308.24,0
588935,81,Pasture/Hay,138.096,0
585376,81,Pasture/Hay,223.389,0
585379,23,"Developed, Medium Intensity",129.81,57
583564,81,Pasture/Hay,392.532,0
583834,81,Pasture/Hay,328.04,0
583839,22,"Developed, Low Intensity",361.875,43
581228,22,"Developed, Low Intensity",207.66,0
581230,81,Pasture/Hay,188.728,0
581231,82,Cultivated Crops,204.669,0
581232,41,Deciduous Forest,201.221,0
581233,81,Pasture/Hay,194.934,0
581235,22,"Developed, Low Intensity",214.659,21
581236,21,"Developed, Open Space",225.522,8
581238,81,Pasture/Hay,191.765,0
581239,81,Pasture/Hay,212.092,0
583840,41,Deciduous Forest,405.312,0
583841,41,Deciduous Forest,363.395,0
583842,41,Deciduous Forest,211.38,0
583849,41,Deciduous Forest,386.949,0
588613,82,Cultivated Crops,112.304,0
597503,81,Pasture/Hay,294.522,0
583853,22,"Developed, Low Intensity",299.598,21
597505,41,Deciduous Forest,292.716,0
587368,82,Cultivated Crops,142.893,0
577453,81,Pasture/Hay,255.62,0
581785,81,Pasture/Hay,273.173,0
581787,22,"Developed, Low Intensity",134.928,40
581788,21,"Developed, Open Space",242.235,13
581789,41,Deciduous Forest,143.499,0
581791,24,"Developed, High Intensity",170.177,29
581793,82,Cultivated Crops,232.55,0
581797,21,"Developed, Open Space",176.995,15
581799,22,"Developed, Low Intensity",204.11,40
581801,22,"Developed, Low Intensity",180.147,0
581802,22,"Developed, Low Intensity",191.674,0
581805,24,"Developed, High Intensity",162.177,86
581809,22,"Developed, Low Intensity",231.469,33
581811,22,"Developed, Low Intensity",210.333,33
581812,23,"Developed, Medium Intensity",144.194,62
581815,24,"Developed, High Intensity",156.692,86
581828,81,Pasture/Hay,278.928,0
581848,21,"Developed, Open Space",257.387,14
584088,41,Deciduous Forest,239.94,0
584252,23,"Developed, Medium Intensity",210.385,62
584256,21,"Developed, Open Space",319.344,10
584089,41,Deciduous Forest,331.071,0
584092,43,Mixed Forest,298.695,0
584095,41,Deciduous Forest,275.621,0
584091,41,Deciduous Forest,259.284,0
597534,23,"Developed, Medium Intensity",187.767,73
584300,81,Pasture/Hay,274.492,0
584304,81,Pasture/Hay,243.028,0
584310,81,Pasture/Hay,277.235,0
584312,41,Deciduous Forest,168.537,0
590159,81,Pasture/Hay,212.206,0
584319,81,Pasture/Hay,261.407,0
584322,81,Pasture/Hay,148.21,0
590165,41,Deciduous Forest,194.223,0
584998,23,"Developed, Medium Intensity",204.762,0
584999,22,"Developed, Low Intensity",200.544,20
585000,23,"Developed, Medium Intensity",141.093,65
585004,22,"Developed, Low Intensity",207.872,38
585007,81,Pasture/Hay,172.817,0
585011,21,"Developed, Open Space",204.919,15
585012,23,"Developed, Medium Intensity",271.105,8
586021,81,Pasture/Hay,237.753,0
585013,81,Pasture/Hay,270.639,0
585015,81,Pasture/Hay,224.77,0
586023,21,"Developed, Open Space",365.722,9
586024,41,Deciduous Forest,376.512,0
597536,41,Deciduous Forest,349.72,0
586025,41,Deciduous Forest,380.069,0
586031,41,Deciduous Forest,314.216,0
586026,81,Pasture/Hay,320.584,0
586027,41,Deciduous Forest,770.464,0
579090,41,Deciduous Forest,223.103,0
579074,41,Deciduous Forest,323.718,0
586106,21,"Developed, Open Space",282.682,6
586028,21,"Developed, Open Space",234.279,0
586029,41,Deciduous Forest,344.806,0
586032,41,Deciduous Forest,238.975,0
586033,21,"Developed, Open Space",291.782,19
586034,22,"Developed, Low Intensity",223.753,28
586035,22,"Developed, Low Intensity",260.773,34
586036,41,Deciduous Forest,318.165,0
586038,41,Deciduous Forest,288.319,0
586039,41,Deciduous Forest,286.543,0
586144,22,"Developed, Low Intensity",295.795,35
586040,41,Deciduous Forest,364.934,0
586041,41,Deciduous Forest,362.706,0
586115,41,Deciduous Forest,415.194,0
586131,41,Deciduous Forest,408.42,0
586110,41,Deciduous Forest,296.117,0
586116,41,Deciduous Forest,521.629,0
586111,41,Deciduous Forest,294.914,0
586113,41,Deciduous Forest,455.345,0
586139,41,Deciduous Forest,359.329,0
586130,41,Deciduous Forest,343.292,0
586129,41,Deciduous Forest,269.576,0
586138,21,"Developed, Open Space",325.453,12
586133,41,Deciduous Forest,403.967,0
586136,22,"Developed, Low Intensity",320.451,0
586141,81,Pasture/Hay,325.302,0
586135,21,"Developed, Open Space",260.644,13
586346,41,Deciduous Forest,331.765,0
586347,81,Pasture/Hay,255.166,0
586349,23,"Developed, Medium Intensity",225.191,27
594151,41,Deciduous Forest,244.299,0
586352,41,Deciduous Forest,306.193,0
586353,41,Deciduous Forest,262.509,0
579915,41,Deciduous Forest,245.402,0
597537,41,Deciduous Forest,315.813,0
589644,82,Cultivated Crops,198.198,0
586365,41,Deciduous Forest,332.299,0
587358,41,Deciduous Forest,178.868,0
587357,82,Cultivated Crops,169.72,0
585312,21,"Developed, Open Space",224.01,11
585307,22,"Developed, Low Intensity",216.617,43
586776,41,Deciduous Forest,317.47,0
586777,81,Pasture/Hay,273.095,0
586778,81,Pasture/Hay,308.046,0
586779,41,Deciduous Forest,214.589,0
586780,81,Pasture/Hay,287.683,0
587078,21,"Developed, Open Space",263.894,0
586806,21,"Developed, Open Space",345.737,6
593426,41,Deciduous Forest,167.346,0
609266,43,Mixed Forest,126.999,0
609268,82,Cultivated Crops,138.072,0
609270,22,"Developed, Low Intensity",144.589,27
609271,22,"Developed, Low Intensity",153.06,33
606262,41,Deciduous Forest,158.412,0
607256,41,Deciduous Forest,230.548,0
607257,41,Deciduous Forest,278.02,0
607258,41,Deciduous Forest,251.301,0
612489,41,Deciduous Forest,511.401,0
612490,21,"Developed, Open Space",320.331,6
609541,82,Cultivated Crops,115.586,0
609543,21,"Developed, Open Space",139.042,3
609539,82,Cultivated Crops,166.962,0
610037,41,Deciduous Forest,182.007,0
614625,41,Deciduous Forest,320.157,0
610050,21,"Developed, Open Space",191.887,8
610051,23,"Developed, Medium Intensity",175.602,56
620472,82,Cultivated Crops,127.251,0
620474,31,Barren Land,86.144,0
620964,90,Woody Wetlands,102.08,0
625665,81,Pasture/Hay,158.71,0
625670,81,Pasture/Hay,114.636,0
625677,23,"Developed, Medium Intensity",119.62,79
629182,21,"Developed, Open Space",251.301,6
623516,41,Deciduous Forest,348.755,0
622483,81,Pasture/Hay,232.882,0
622238,41,Deciduous Forest,232.657,0
623717,81,Pasture/Hay,307.449,0
623718,81,Pasture/Hay,268.22,0
623719,41,Deciduous Forest,204.043,0
630331,11,Open Water,109.728,0
626571,24,"Developed, High Intensity",222.79,90
627331,22,"Developed, Low Intensity",310.39,40
626615,21,"Developed, Open Space",179.566,0
632950,82,Cultivated Crops,175.063,0
626616,82,Cultivated Crops,176.602,0
626617,81,Pasture/Hay,182.136,0
626618,21,"Developed, Open Space",203.904,0
626619,21,"Developed, Open Space",185.784,19
626620,82,Cultivated Crops,197.695,0
624496,41,Deciduous Forest,363.225,0
626622,41,Deciduous Forest,223.687,0
626623,21,"Developed, Open Space",142.07,6
630213,82,Cultivated Crops,102.826,0
630215,41,Deciduous Forest,149.07,0
626624,23,"Developed, Medium Intensity",152.601,74
626625,21,"Developed, Open Space",202.681,12
626626,23,"Developed, Medium Intensity",189.803,59
630217,82,Cultivated Crops,120.883,0
626627,82,Cultivated Crops,201.814,0
626628,81,Pasture/Hay,195.237,0
627128,22,"Developed, Low Intensity",297.368,22
626629,82,Cultivated Crops,203.351,0
627685,82,Cultivated Crops,210.775,0
627686,41,Deciduous Forest,305.124,0
627687,43,Mixed Forest,231.649,0
627690,82,Cultivated Crops,228.277,0
627689,21,"Developed, Open Space",211.782,18
627688,82,Cultivated Crops,205.303,0
632683,23,"Developed, Medium Intensity",157.997,32
632140,21,"Developed, Open Space",217.246,15
632110,41,Deciduous Forest,536.9,0
632112,41,Deciduous Forest,822.342,0
632105,41,Deciduous Forest,463.136,0
632116,81,Pasture/Hay,194.46,0
633825,43,Mixed Forest,197.531,0
638248,41,Deciduous Forest,218.337,0
633826,41,Deciduous Forest,230.269,0
633828,41,Deciduous Forest,211.652,0
633827,41,Deciduous Forest,212.121,0
638279,41,Deciduous Forest,290.934,0
634135,71,Grassland/Herbaceous,492.838,0
642486,81,Pasture/Hay,105.157,0
642488,23,"Developed, Medium Intensity",155.35,0
642490,81,Pasture/Hay,158.591,0
642493,90,Woody Wetlands,107.608,0
642495,82,Cultivated Crops,188.614,0
642180,81,Pasture/Hay,212.607,0
645195,41,Deciduous Forest,141.679,0
645330,82,Cultivated Crops,130.087,0
642181,21,"Developed, Open Space",152.398,4
645432,41,Deciduous Forest,147.717,0
645435,82,Cultivated Crops,111.728,0
642182,81,Pasture/Hay,129.313,0
642183,82,Cultivated Crops,133.473,0
642184,22,"Developed, Low Intensity",148.587,15
642185,23,"Developed, Medium Intensity",207.721,76
646563,41,Deciduous Forest,142.059,0
646564,41,Deciduous Forest,169.215,0
645394,81,Pasture/Hay,113.992,0
646565,81,Pasture/Hay,204.718,0
646566,41,Deciduous Forest,135.652,0
646568,81,Pasture/Hay,102.383,0
642186,22,"Developed, Low Intensity",193.219,26
647420,23,"Developed, Medium Intensity",102.823,59
642187,82,Cultivated Crops,212.186,0
646583,41,Deciduous Forest,141.033,0
642188,21,"Developed, Open Space",213.663,19
642189,41,Deciduous Forest,183.257,0
646591,41,Deciduous Forest,163.882,0
642190,82,Cultivated Crops,216.621,0
642191,81,Pasture/Hay,188.106,0
637123,22,"Developed, Low Intensity",297.262,25
637124,41,Deciduous Forest,352.618,0
637125,81,Pasture/Hay,304.042,0
634805,41,Deciduous Forest,329.614,0
634806,21,"Developed, Open Space",283.932,16
634811,41,Deciduous Forest,488.993,0
634810,41,Deciduous Forest,316.989,0
646745,41,Deciduous Forest,114.78,0
646749,82,Cultivated Crops,102.295,0
634809,22,"Developed, Low Intensity",337.811,38
646761,41,Deciduous Forest,130.191,0
646758,24,"Developed, High Intensity",122.427,62
646763,82,Cultivated Crops,116.61,0
642090,22,"Developed, Low Intensity",231.285,29
642092,41,Deciduous Forest,225.835,0
646788,81,Pasture/Hay,130.919,0
642097,22,"Developed, Low Intensity",136.369,46
642095,22,"Developed, Low Intensity",264.604,41
642098,22,"Developed, Low Intensity",140.819,21
642450,41,Deciduous Forest,303.9,0
642451,22,"Developed, Low Intensity",292.908,27
642453,41,Deciduous Forest,315.379,0
642105,41,Deciduous Forest,223.286,0
642210,81,Pasture/Hay,241.748,0
642106,41,Deciduous Forest,279.697,0
642661,21,"Developed, Open Space",236.375,17
642107,71,Grassland/Herbaceous,290.292,0
642458,24,"Developed, High Intensity",292.339,85
642454,41,Deciduous Forest,321.91,0
646931,81,Pasture/Hay,182.869,0
642464,81,Pasture/Hay,317.796,0
642109,41,Deciduous Forest,272.83,0
641513,41,Deciduous Forest,141.058,0
641514,23,"Developed, Medium Intensity",146.069,56
650390,21,"Developed, Open Space",120.883,13
654133,41,Deciduous Forest,113.238,0
650392,23,"Developed, Medium Intensity",108.135,0
642192,81,Pasture/Hay,278.533,0
640987,41,Deciduous Forest,259.055,0
641166,41,Deciduous Forest,252.36,0
642194,81,Pasture/Hay,229.837,0
642195,21,"Developed, Open Space",274.001,6
642478,21,"Developed, Open Space",259.688,0
642482,41,Deciduous Forest,338.058,0
642483,41,Deciduous Forest,454.782,0
652342,82,Cultivated Crops,132.645,0
652348,82,Cultivated Crops,107.79,0
652346,90,Woody Wetlands,112.423,0
654136,21,"Developed, Open Space",137.024,6
642489,31,Barren Land,656.654,0
642487,41,Deciduous Forest,462.458,0
654082,90,Woody Wetlands,101.15,0
654084,82,Cultivated Crops,106.484,0
654089,82,Cultivated Crops,117.865,0
645405,23,"Developed, Medium Intensity",236.23,74
643572,22,"Developed, Low Intensity",170.233,45
647034,21,"Developed, Open Space",319.421,6
649187,22,"Developed, Low Intensity",277.721,31
649188,23,"Developed, Medium Intensity",248.829,43
649190,24,"Developed, High Intensity",158.559,89
649191,22,"Developed, Low Intensity",272.044,45
649193,21,"Developed, Open Space",183.953,15
649196,24,"Developed, High Intensity",158.337,89
650357,23,"Developed, Medium Intensity",188.966,57
650359,23,"Developed, Medium Intensity",204.516,42
658206,22,"Developed, Low Intensity",268.406,0
658207,21,"Developed, Open Space",246.248,10
676345,21,"Developed, Open Space",180.166,10
676346,41,Deciduous Forest,267.49,0
676349,43,Mixed Forest,199.935,0
676367,41,Deciduous Forest,219.504,0
675717,81,Pasture/Hay,129.246,0
673714,41,Deciduous Forest,320.737,0
680040,23,"Developed, Medium Intensity",311.891,74
681837,23,"Developed, Medium Intensity",163.491,74
681840,23,"Developed, Medium Intensity",161.999,76
681252,21,"Developed, Open Space",359.363,18
681544,81,Pasture/Hay,439.876,0
684594,21,"Developed, Open Space",159.999,5
687747,82,Cultivated Crops,119.231,0
684595,22,"Developed, Low Intensity",200.803,0
688084,41,Deciduous Forest,184.987,0
688085,21,"Developed, Open Space",243.903,6
689605,82,Cultivated Crops,103.239,0
689606,82,Cultivated Crops,125.524,0
687766,81,Pasture/Hay,237.345,0
687768,22,"Developed, Low Intensity",219.933,30
687770,23,"Developed, Medium Intensity",221.539,52
687772,22,"Developed, Low Intensity",214.145,31
688102,22,"Developed, Low Intensity",267.131,54
688103,41,Deciduous Forest,430.602,0
688104,23,"Developed, Medium Intensity",204.224,58
688107,52,Shrub/Scrub,375.69,0
688945,41,Deciduous Forest,273.164,0
688949,41,Deciduous Forest,210.511,0
691229,43,Mixed Forest,278.709,0
691230,24,"Developed, High Intensity",147.401,86
688286,41,Deciduous Forest,389.047,0
687774,41,Deciduous Forest,189.831,0
688609,23,"Developed, Medium Intensity",252.501,54
688608,41,Deciduous Forest,283.882,0
691253,43,Mixed Forest,174.789,0
691257,21,"Developed, Open Space",148.973,0
689886,43,Mixed Forest,211.83,0
692708,41,Deciduous Forest,267.426,0
691150,21,"Developed, Open Space",186.286,11
689887,41,Deciduous Forest,416.433,0
691147,22,"Developed, Low Intensity",251.029,35
691148,21,"Developed, Open Space",247.965,19
689888,21,"Developed, Open Space",343.996,0
691149,22,"Developed, Low Intensity",231.73,21
691151,21,"Developed, Open Space",231.437,4
691152,23,"Developed, Medium Intensity",255.747,67
691155,21,"Developed, Open Space",306.292,0
691156,21,"Developed, Open Space",180.688,6
689894,21,"Developed, Open Space",310.164,16
689901,21,"Developed, Open Space",381.719,7
689907,41,Deciduous Forest,333.344,0
689910,21,"Developed, Open Space",281.68,9
693427,41,Deciduous Forest,289.453,0
693428,41,Deciduous Forest,391.473,0
703397,82,Cultivated Crops,137.865,0
703398,41,Deciduous Forest,163.973,0
694330,82,Cultivated Crops,219.788,0
703402,11,Open Water,103.785,0
694553,21,"Developed, Open Space",243.215,18
697593,81,Pasture/Hay,245.231,0
702394,21,"Developed, Open Space",234.988,0
697594,81,Pasture/Hay,226.831,0
702395,23,"Developed, Medium Intensity",140.551,61
702396,41,Deciduous Forest,232.802,0
702400,82,Cultivated Crops,209.991,0
702399,41,Deciduous Forest,247.659,0
702398,21,"Developed, Open Space",204.824,15
702397,43,Mixed Forest,161.228,0
702401,81,Pasture/Hay,259.127,0
702403,81,Pasture/Hay,256.401,0
702402,22,"Developed, Low Intensity",244.15,41
702404,82,Cultivated Crops,214.789,0
702407,21,"Developed, Open Space",263.097,7
702405,81,Pasture/Hay,190.372,0
702406,23,"Developed, Medium Intensity",256.383,71
695269,21,"Developed, Open Space",226.261,25
702408,82,Cultivated Crops,230.739,0
702409,22,"Developed, Low Intensity",300.86,44
696740,41,Deciduous Forest,274.226,0
697063,81,Pasture/Hay,324.694,0
695276,81,Pasture/Hay,312.085,0
695283,41,Deciduous Forest,187.442,0
702410,82,Cultivated Crops,265.465,0
702411,81,Pasture/Hay,254.085,0
697043,22,"Developed, Low Intensity",260.796,22
696734,41,Deciduous Forest,251.704,0
695298,41,Deciduous Forest,214.047,0
695290,81,Pasture/Hay,300.916,0
695308,43,Mixed Forest,288.502,0
697047,22,"Developed, Low Intensity",205.335,0
697738,22,"Developed, Low Intensity",338.554,29
697874,21,"Developed, Open Space",313.307,7
698530,41,Deciduous Forest,135.392,0
706970,41,Deciduous Forest,210.385,0
706951,23,"Developed, Medium Intensity",156.593,55
706950,21,"Developed, Open Space",164.903,16
702373,21,"Developed, Open Space",269.644,0
711116,41,Deciduous Forest,336.613,0
705010,11,Open Water,189.6,0
704911,52,Shrub/Scrub,360.751,0
704913,41,Deciduous Forest,278.885,0
704914,41,Deciduous Forest,368.709,0
704917,41,Deciduous Forest,358.684,0
704919,41,Deciduous Forest,291.688,0
704918,21,"Developed, Open Space",201.387,3
705999,81,Pasture/Hay,258.647,0
706000,21,"Developed, Open Space",267.41,9
711484,82,Cultivated Crops,204.267,0
711486,81,Pasture/Hay,196.715,0
711487,81,Pasture/Hay,216.222,0
718430,21,"Developed, Open Space",165.525,13
711488,24,"Developed, High Intensity",219.565,88
711489,22,"Developed, Low Intensity",200.029,24
711490,81,Pasture/Hay,225.416,0
711491,22,"Developed, Low Intensity",228.831,28
711492,23,"Developed, Medium Intensity",193.722,20
711493,81,Pasture/Hay,247.865,0
711494,82,Cultivated Crops,176.088,0
711495,41,Deciduous Forest,226.585,0
723533,52,Shrub/Scrub,159.483,0
732317,81,Pasture/Hay,252.278,0
736600,41,Deciduous Forest,216.599,0
736601,24,"Developed, High Intensity",138.977,86
736602,23,"Developed, Medium Intensity",202.268,71
736603,23,"Developed, Medium Intensity",139.491,60
736604,41,Deciduous Forest,179.117,0
736605,23,"Developed, Medium Intensity",187.69,56
736606,22,"Developed, Low Intensity",217.057,16
736607,22,"Developed, Low Intensity",196.254,39
733160,23,"Developed, Medium Intensity",148.193,0
733165,41,Deciduous Forest,150.129,0
737276,82,Cultivated Crops,119.906,0
736608,21,"Developed, Open Space",254.442,13
733168,23,"Developed, Medium Intensity",164.103,60
736609,22,"Developed, Low Intensity",139.243,45
733169,43,Mixed Forest,234.02,0
737279,21,"Developed, Open Space",125.344,19
733172,23,"Developed, Medium Intensity",276.362,0
736610,43,Mixed Forest,240.405,0
736611,21,"Developed, Open Space",141.357,0
736612,41,Deciduous Forest,188.471,0
736616,41,Deciduous Forest,119.111,0
736613,23,"Developed, Medium Intensity",148.788,57
737281,41,Deciduous Forest,143.881,0
736614,22,"Developed, Low Intensity",177.352,24
736615,21,"Developed, Open Space",143.37,0
742612,81,Pasture/Hay,264.307,0
736617,22,"Developed, Low Intensity",171.894,33
736618,22,"Developed, Low Intensity",222.537,33
736619,23,"Developed, Medium Intensity",142.958,29
736620,22,"Developed, Low Intensity",177.678,19
736621,21,"Developed, Open Space",139.575,5
736622,23,"Developed, Medium Intensity",141.365,52
736639,81,Pasture/Hay,133.183,0
742198,41,Deciduous Forest,273.347,0
746859,23,"Developed, Medium Intensity",150.651,59
746862,24,"Developed, High Intensity",135.738,84
745106,41,Deciduous Forest,440.427,0
745280,41,Deciduous Forest,207.424,0
746867,22,"Developed, Low Intensity",249.995,48
746868,81,Pasture/Hay,261.391,0
745282,81,Pasture/Hay,287.043,0
745283,81,Pasture/Hay,271.249,0
745284,22,"Developed, Low Intensity",243.757,40
746869,81,Pasture/Hay,225.197,0
745281,41,Deciduous Forest,341.344,0
745285,41,Deciduous Forest,285.268,0
746870,41,Deciduous Forest,275.157,0
745485,41,Deciduous Forest,337.02,0
746871,22,"Developed, Low Intensity",283.225,46
746872,21,"Developed, Open Space",316.879,17
746873,22,"Developed, Low Intensity",318.793,10
746875,43,Mixed Forest,123.655,0
745486,21,"Developed, Open Space",260.955,8
745508,41,Deciduous Forest,270.216,0
746874,21,"Developed, Open Space",279.303,0
745503,24,"Developed, High Intensity",286.854,0
745505,41,Deciduous Forest,214.178,0
745512,21,"Developed, Open Space",238.863,12
745487,81,Pasture/Hay,335.998,0
746878,81,Pasture/Hay,263.436,0
754719,90,Woody Wetlands,100.339,0
754718,22,"Developed, Low Intensity",127.451,23
757535,81,Pasture/Hay,285.369,0
757536,23,"Developed, Medium Intensity",254.314,13
757537,23,"Developed, Medium Intensity",285.335,20
748121,41,Deciduous Forest,401.112,0
757539,82,Cultivated Crops,220.453,0
757540,21,"Developed, Open Space",242.199,7
757541,81,Pasture/Hay,259.787,0
754715,22,"Developed, Low Intensity",126.763,11
757547,81,Pasture/Hay,280.235,0
754716,22,"Developed, Low Intensity",176.091,0
757542,21,"Developed, Open Space",226.713,8
757543,81,Pasture/Hay,282.622,0
757544,21,"Developed, Open Space",264.176,11
757545,81,Pasture/Hay,261.978,0
757546,81,Pasture/Hay,247.585,0
757548,21,"Developed, Open Space",266.659,12
748122,41,Deciduous Forest,325.451,0
755248,24,"Developed, High Intensity",179.182,35
755274,22,"Developed, Low Intensity",263.024,29
757427,21,"Developed, Open Space",305.985,0
757428,81,Pasture/Hay,296.044,0
757429,81,Pasture/Hay,278.811,0
757430,71,Grassland/Herbaceous,319.969,0
752882,41,Deciduous Forest,461.798,0
752889,43,Mixed Forest,407.047,0
757431,81,Pasture/Hay,263.593,0
757434,81,Pasture/Hay,251.712,0
752893,81,Pasture/Hay,312.315,0
763845,22,"Developed, Low Intensity",314.068,50
763847,23,"Developed, Medium Intensity",300.913,72
763879,81,Pasture/Hay,249.619,0
763882,81,Pasture/Hay,156.314,0
763883,22,"Developed, Low Intensity",133.554,44
763884,22,"Developed, Low Intensity",139.273,41
763886,41,Deciduous Forest,243.438,0
764249,22,"Developed, Low Intensity",165.235,49
764270,21,"Developed, Open Space",218.794,0
762096,41,Deciduous Forest,248.122,0
762095,21,"Developed, Open Space",196.896,15
763960,21,"Developed, Open Space",350.444,13
767280,41,Deciduous Forest,189.019,0
764530,21,"Developed, Open Space",171.377,8
764531,41,Deciduous Forest,184.952,0
764532,81,Pasture/Hay,181.28,0
764533,81,Pasture/Hay,196.844,0
782830,21,"Developed, Open Space",224.511,10
782825,81,Pasture/Hay,231.527,0
771264,41,Deciduous Forest,191.609,0
782852,21,"Developed, Open Space",302.201,7
782853,81,Pasture/Hay,283.367,0
782843,22,"Developed, Low Intensity",238.713,21
767024,23,"Developed, Medium Intensity",352.253,53
767026,21,"Developed, Open Space",329.793,9
767025,23,"Developed, Medium Intensity",298.606,52
782845,21,"Developed, Open Space",139.569,6
773261,21,"Developed, Open Space",246.266,4
772816,22,"Developed, Low Intensity",147.542,7
783637,23,"Developed, Medium Intensity",136.526,69
783635,23,"Developed, Medium Intensity",138.222,68
783638,23,"Developed, Medium Intensity",137.102,70
783651,23,"Developed, Medium Intensity",144.966,66
783639,21,"Developed, Open Space",137.158,7
783656,24,"Developed, High Intensity",137.232,59
783652,23,"Developed, Medium Intensity",140.107,69
783657,23,"Developed, Medium Intensity",137.783,79
784424,24,"Developed, High Intensity",139.15,84
783658,81,Pasture/Hay,283.793,0
774126,22,"Developed, Low Intensity",292.307,27
773423,81,Pasture/Hay,273.68,0
780981,41,Deciduous Forest,238.269,0
780986,41,Deciduous Forest,295.813,0
773418,41,Deciduous Forest,279.479,0
783659,81,Pasture/Hay,243.94,0
783660,43,Mixed Forest,259.92,0
773421,41,Deciduous Forest,273.988,0
773419,21,"Developed, Open Space",288.955,7
773420,41,Deciduous Forest,400.526,0
773422,21,"Developed, Open Space",195.372,0
775945,81,Pasture/Hay,321.568,0
783677,81,Pasture/Hay,245.013,0
783683,21,"Developed, Open Space",280.361,13
783682,41,Deciduous Forest,302.312,0
783681,81,Pasture/Hay,289.532,0
783679,22,"Developed, Low Intensity",270.037,9
783684,43,Mixed Forest,282.164,0
783685,21,"Developed, Open Space",262.108,0
783686,21,"Developed, Open Space",244.014,13
783687,81,Pasture/Hay,254.941,0
783688,24,"Developed, High Intensity",260.908,88
783689,81,Pasture/Hay,235.622,0
783690,23,"Developed, Medium Intensity",244.804,0
783691,81,Pasture/Hay,270.367,0
783693,81,Pasture/Hay,227.533,0
783694,41,Deciduous Forest,276.27,0
775956,81,Pasture/Hay,266.761,0
783696,41,Deciduous Forest,266.199,0
775951,81,Pasture/Hay,268.763,0
783698,21,"Developed, Open Space",304.951,11
777537,41,Deciduous Forest,472.033,0
777538,21,"Developed, Open Space",362.625,12
777540,41,Deciduous Forest,356.409,0
784989,23,"Developed, Medium Intensity",295.786,55
778480,21,"Developed, Open Space",236.599,11
778481,21,"Developed, Open Space",313.613,10
786073,81,Pasture/Hay,132.303,0
793876,81,Pasture/Hay,195.625,0
798071,21,"Developed, Open Space",171.25,3
798075,81,Pasture/Hay,241.326,0
802943,82,Cultivated Crops,131.471,0
802945,81,Pasture/Hay,170.888,0
802946,11,Open Water,108.15,0
800058,82,Cultivated Crops,119.486,0
800059,23,"Developed, Medium Intensity",177.687,63
800060,41,Deciduous Forest,188.801,0
800061,81,Pasture/Hay,233.968,0
800062,21,"Developed, Open Space",132.895,5
800063,41,Deciduous Forest,153.729,0
802948,22,"Developed, Low Intensity",178.48,21
800068,11,Open Water,156.07,0
800065,41,Deciduous Forest,203.756,0
800064,82,Cultivated Crops,136.78,0
800070,81,Pasture/Hay,137.654,0
800069,82,Cultivated Crops,185.227,0
800071,81,Pasture/Hay,208.566,0
800075,41,Deciduous Forest,270.578,0
800078,23,"Developed, Medium Intensity",150.739,65
800080,41,Deciduous Forest,292.364,0
800081,81,Pasture/Hay,298.669,0
800073,41,Deciduous Forest,221.795,0
800083,82,Cultivated Crops,208.478,0
800085,41,Deciduous Forest,200.686,0
800087,41,Deciduous Forest,277.808,0
800082,81,Pasture/Hay,329.493,0
800084,21,"Developed, Open Space",283.879,0
800228,81,Pasture/Hay,315.923,0
800086,81,Pasture/Hay,279.431,0
800230,41,Deciduous Forest,320.668,0
800209,41,Deciduous Forest,307.212,0
800231,81,Pasture/Hay,295.791,0
800223,41,Deciduous Forest,304.19,0
800229,21,"Developed, Open Space",211.791,4
800227,21,"Developed, Open Space",214.52,3
800225,21,"Developed, Open Space",216.276,10
800088,81,Pasture/Hay,298.543,0
800089,22,"Developed, Low Intensity",221.813,12
800221,41,Deciduous Forest,244.746,0
800220,41,Deciduous Forest,307.14,0
800222,81,Pasture/Hay,293.344,0
800226,21,"Developed, Open Space",252.665,11
800090,41,Deciduous Forest,229.574,0
800224,41,Deciduous Forest,385.574,0
807424,24,"Developed, High Intensity",148.041,81
807432,82,Cultivated Crops,116.935,0
816147,81,Pasture/Hay,254.193,0
817484,22,"Developed, Low Intensity",282.96,10
817486,41,Deciduous Forest,341.976,0
817487,21,"Developed, Open Space",224.64,16
818106,41,Deciduous Forest,290.086,0
818108,41,Deciduous Forest,257.539,0
818107,81,Pasture/Hay,263.994,0
841434,41,Deciduous Forest,227.683,0
818658,21,"Developed, Open Space",333.323,11
830794,41,Deciduous Forest,243.659,0
830818,24,"Developed, High Intensity",151.779,85
830812,22,"Developed, Low Intensity",171.868,35
820090,41,Deciduous Forest,339.953,0
825734,22,"Developed, Low Intensity",174.151,4
825735,81,Pasture/Hay,253.272,0
841810,21,"Developed, Open Space",131.454,11
841811,41,Deciduous Forest,143.583,0
833069,23,"Developed, Medium Intensity",210.901,59
820120,41,Deciduous Forest,492.182,0
820151,24,"Developed, High Intensity",331.831,87
829439,41,Deciduous Forest,147.058,0
829280,81,Pasture/Hay,125.682,0
829273,82,Cultivated Crops,119.575,0
829262,82,Cultivated Crops,134.142,0
841624,21,"Developed, Open Space",139.939,18
841625,41,Deciduous Forest,130.544,0
841628,82,Cultivated Crops,142.739,0
841629,24,"Developed, High Intensity",194.417,81
841631,21,"Developed, Open Space",149.668,0
826058,11,Open Water,362.908,0
826065,22,"Developed, Low Intensity",289.481,22
843677,22,"Developed, Low Intensity",218.306,49
843679,81,Pasture/Hay,264.073,0
833022,22,"Developed, Low Intensity",146.365,38
833025,22,"Developed, Low Intensity",187.087,30
826086,41,Deciduous Forest,321.831,0
826087,41,Deciduous Forest,354.974,0
833222,23,"Developed, Medium Intensity",138.817,17
833223,81,Pasture/Hay,113.433,0
826439,23,"Developed, Medium Intensity",284.541,50
826443,41,Deciduous Forest,204.335,0
826459,24,"Developed, High Intensity",292.751,88
826497,81,Pasture/Hay,323.528,0
826915,21,"Developed, Open Space",235.88,13
828120,23,"Developed, Medium Intensity",256.559,21
828121,22,"Developed, Low Intensity",251.763,21
843707,81,Pasture/Hay,246.666,0
843708,21,"Developed, Open Space",257.127,10
827487,41,Deciduous Forest,361.997,0
827486,22,"Developed, Low Intensity",357.659,28
828280,23,"Developed, Medium Intensity",304.08,60
843735,81,Pasture/Hay,283.841,0
843736,41,Deciduous Forest,149.987,0
843737,21,"Developed, Open Space",158.842,7
843741,21,"Developed, Open Space",201.8,9
833233,22,"Developed, Low Intensity",132.949,20
833243,23,"Developed, Medium Intensity",138.817,17
829577,41,Deciduous Forest,228.594,0
839685,41,Deciduous Forest,209.005,0
832652,21,"Developed, Open Space",374.044,0
834424,81,Pasture/Hay,254.731,0
834418,81,Pasture/Hay,219.487,0
847128,21,"Developed, Open Space",184.669,19
847123,21,"Developed, Open Space",262.105,16
841255,81,Pasture/Hay,268.224,0
847202,21,"Developed, Open Space",231.999,3
856247,41,Deciduous Forest,141.247,0
863305,11,Open Water,109.728,0
863307,82,Cultivated Crops,116.878,0
866696,81,Pasture/Hay,225.437,0
858559,23,"Developed, Medium Intensity",285.388,76
866704,81,Pasture/Hay,233.761,0
866713,22,"Developed, Low Intensity",186.401,21
866697,81,Pasture/Hay,294.531,0
866700,81,Pasture/Hay,285.2,0
866702,82,Cultivated Crops,302.476,0
866703,82,Cultivated Crops,208.229,0
866705,23,"Developed, Medium Intensity",225.513,0
866706,81,Pasture/Hay,236.319,0
866709,23,"Developed, Medium Intensity",234.787,42
866711,21,"Developed, Open Space",280.491,0
866712,41,Deciduous Forest,318.112,0
865943,41,Deciduous Forest,156.639,0
869324,81,Pasture/Hay,253.048,0
865945,82,Cultivated Crops,199.916,0
865946,23,"Developed, Medium Intensity",185.297,0
868893,23,"Developed, Medium Intensity",135.503,53
868897,42,Evergreen Forest,136.686,0
868895,82,Cultivated Crops,134.346,0
868896,82,Cultivated Crops,110.477,0
867883,41,Deciduous Forest,344.398,0
872338,22,"Developed, Low Intensity",160.448,33
872339,21,"Developed, Open Space",136.754,11
883049,81,Pasture/Hay,223.693,0
876304,82,Cultivated Crops,165.595,0
876308,22,"Developed, Low Intensity",194.296,21
883151,81,Pasture/Hay,216.748,0
883152,41,Deciduous Forest,277.066,0
883255,81,Pasture/Hay,208.9,0
883254,23,"Developed, Medium Intensity",220.006,32
883259,41,Deciduous Forest,404.84,0
883260,22,"Developed, Low Intensity",229.922,27
883256,81,Pasture/Hay,220.59,0
883257,23,"Developed, Medium Intensity",273.884,57
883258,81,Pasture/Hay,311.805,0
883284,22,"Developed, Low Intensity",206.106,46
880246,21,"Developed, Open Space",369.01,14
880257,23,"Developed, Medium Intensity",327.787,71
880249,21,"Developed, Open Space",262.203,29
880255,81,Pasture/Hay,275.407,0
880252,21,"Developed, Open Space",269.431,10
880261,41,Deciduous Forest,246.934,0
895612,22,"Developed, Low Intensity",307.757,31
895613,24,"Developed, High Intensity",301.434,86
882012,23,"Developed, Medium Intensity",281.279,21
882014,22,"Developed, Low Intensity",291.818,28
882098,21,"Developed, Open Space",247.384,15
882097,81,Pasture/Hay,207.467,0
895614,81,Pasture/Hay,227.372,0
882780,81,Pasture/Hay,161.676,0
891280,41,Deciduous Forest,202.598,0
895617,41,Deciduous Forest,244.384,0
895622,22,"Developed, Low Intensity",280.99,0
897323,41,Deciduous Forest,178.157,0
897330,23,"Developed, Medium Intensity",216.491,52
897334,81,Pasture/Hay,281.887,0
897337,81,Pasture/Hay,264.963,0
897338,41,Deciduous Forest,215.596,0
897340,81,Pasture/Hay,206.369,0
897341,81,Pasture/Hay,248.587,0
897343,81,Pasture/Hay,259.334,0
897347,81,Pasture/Hay,260.851,0
897354,81,Pasture/Hay,257.111,0
882817,41,Deciduous Forest,160.5,0
882873,21,"Developed, Open Space",242.128,5
882815,42,Evergreen Forest,220.353,0
882812,81,Pasture/Hay,243.349,0
882875,81,Pasture/Hay,209.999,8
882872,21,"Developed, Open Space",280.438,8
882811,41,Deciduous Forest,272.244,0
882883,43,Mixed Forest,267.535,0
882877,21,"Developed, Open Space",313.089,4
882879,21,"Developed, Open Space",267.054,7
882810,81,Pasture/Hay,237.007,0
898062,81,Pasture/Hay,234.493,0
882863,21,"Developed, Open Space",304.253,8
882865,81,Pasture/Hay,213.565,0
882866,41,Deciduous Forest,321.201,0
882867,41,Deciduous Forest,234.083,0
883635,22,"Developed, Low Intensity",232.809,11
899007,21,"Developed, Open Space",119.658,0
906614,43,Mixed Forest,231.742,0
906615,82,Cultivated Crops,274.69,0
899012,82,Cultivated Crops,120.311,0
906553,82,Cultivated Crops,125.427,0
899013,22,"Developed, Low Intensity",117.933,25
899021,82,Cultivated Crops,120.115,0
906554,81,Pasture/Hay,222.914,0
906555,43,Mixed Forest,194.676,0
906556,21,"Developed, Open Space",133.843,0
906557,41,Deciduous Forest,188.312,0
906558,41,Deciduous Forest,173.904,0
906559,24,"Developed, High Intensity",158.978,0
906560,24,"Developed, High Intensity",161.631,80
906561,82,Cultivated Crops,123.115,0
906562,82,Cultivated Crops,213.569,0
906563,82,Cultivated Crops,195.851,0
906564,81,Pasture/Hay,221.058,0
906565,23,"Developed, Medium Intensity",256.875,64
906566,41,Deciduous Forest,238.376,0
906567,81,Pasture/Hay,269.461,0
906568,81,Pasture/Hay,242.437,0
906569,81,Pasture/Hay,241.24,0
906570,81,Pasture/Hay,235.838,0
914808,21,"Developed, Open Space",240.151,9
892422,21,"Developed, Open Space",309.394,7
906571,41,Deciduous Forest,301.108,0
906572,23,"Developed, Medium Intensity",201.499,76
892424,21,"Developed, Open Space",274.766,10
906589,81,Pasture/Hay,228.164,0
906573,41,Deciduous Forest,265.62,0
906590,23,"Developed, Medium Intensity",208.742,67
906591,81,Pasture/Hay,212.109,0
906592,82,Cultivated Crops,214.291,0
906593,41,Deciduous Forest,284.906,0
906594,41,Deciduous Forest,190.352,0
906595,41,Deciduous Forest,288.338,0
892425,41,Deciduous Forest,267.921,0
906596,21,"Developed, Open Space",175.822,4
906597,82,Cultivated Crops,198.024,0
891207,23,"Developed, Medium Intensity",171.114,0
899101,82,Cultivated Crops,99.8962,0
892106,41,Deciduous Forest,292.569,0
892433,41,Deciduous Forest,198.494,0
905101,82,Cultivated Crops,155.867,0
908084,41,Deciduous Forest,215.456,0
905229,82,Cultivated Crops,176.335,0
913357,22,"Developed, Low Intensity",212.02,10
905237,82,Cultivated Crops,132.139,0
913358,41,Deciduous Forest,184.006,0
905361,43,Mixed Forest,162.866,0
905369,81,Pasture/Hay,155.273,0
913756,41,Deciduous Forest,223.486,0
913757,81,Pasture/Hay,241.265,0
913758,21,"Developed, Open Space",254.041,12
913761,41,Deciduous Forest,222.054,0
905378,81,Pasture/Hay,122.954,0
913759,81,Pasture/Hay,217.783,0
905472,82,Cultivated Crops,117.268,0
913763,23,"Developed, Medium Intensity",224.653,53
913765,43,Mixed Forest,220.152,0
896306,41,Deciduous Forest,469.47,0
905688,22,"Developed, Low Intensity",103.675,47
913635,22,"Developed, Low Intensity",138.726,38
913639,23,"Developed, Medium Intensity",136.954,60
913641,24,"Developed, High Intensity",140.45,89
900786,21,"Developed, Open Space",203.74,18
910215,82,Cultivated Crops,111.702,0
918516,41,Deciduous Forest,195.669,0
918680,81,Pasture/Hay,126.615,0
918684,41,Deciduous Forest,121.182,0
918698,82,Cultivated Crops,120.472,0
918699,82,Cultivated Crops,127.097,0
918701,22,"Developed, Low Intensity",139.635,38
918702,21,"Developed, Open Space",135.297,13
918703,21,"Developed, Open Space",251.958,11
918704,81,Pasture/Hay,143.984,0
902584,21,"Developed, Open Space",223.928,18
909799,22,"Developed, Low Intensity",172.839,25
921002,21,"Developed, Open Space",253.493,10
921005,81,Pasture/Hay,126.771,0
921004,82,Cultivated Crops,123.218,0
913583,41,Deciduous Forest,123.112,0
921003,23,"Developed, Medium Intensity",185.268,11
921006,22,"Developed, Low Intensity",229.427,21
921007,23,"Developed, Medium Intensity",198.268,22
921008,81,Pasture/Hay,259.497,0
921009,22,"Developed, Low Intensity",196.614,26
912496,41,Deciduous Forest,234.391,0
916090,21,"Developed, Open Space",237.13,10
912498,41,Deciduous Forest,325.853,0
912501,81,Pasture/Hay,267.316,0
912510,41,Deciduous Forest,341.7,0
912526,21,"Developed, Open Space",319.103,0
912512,41,Deciduous Forest,283.458,0
912514,23,"Developed, Medium Intensity",231.421,52
921300,81,Pasture/Hay,338.56,0
921301,82,Cultivated Crops,229.611,0
921302,81,Pasture/Hay,308.444,0
921303,22,"Developed, Low Intensity",265.696,21
912721,23,"Developed, Medium Intensity",362.893,0
935967,41,Deciduous Forest,129.942,0
938410,82,Cultivated Crops,123.324,0
938179,41,Deciduous Forest,186.536,0
938184,22,"Developed, Low Intensity",255.505,25
938190,41,Deciduous Forest,253.584,0
938201,41,Deciduous Forest,277.388,0
938196,41,Deciduous Forest,299.037,0
940993,11,Open Water,128.0,0
938211,41,Deciduous Forest,291.707,0
940964,82,Cultivated Crops,139.017,0
938209,21,"Developed, Open Space",264.236,7
938217,41,Deciduous Forest,342.889,0
940967,82,Cultivated Crops,149.344,0
940968,82,Cultivated Crops,162.682,0
940971,82,Cultivated Crops,192.224,0
938736,24,"Developed, High Intensity",152.588,89
945069,43,Mixed Forest,171.277,0
945070,11,Open Water,240.271,0
945084,21,"Developed, Open Space",204.848,0
945087,81,Pasture/Hay,193.491,0
945090,21,"Developed, Open Space",162.315,0
945071,23,"Developed, Medium Intensity",248.277,19
938230,41,Deciduous Forest,313.844,0
938239,23,"Developed, Medium Intensity",294.231,36
945098,41,Deciduous Forest,145.934,0
938244,41,Deciduous Forest,329.533,0
938245,41,Deciduous Forest,286.26,0
938246,41,Deciduous Forest,345.948,0
945120,23,"Developed, Medium Intensity",270.885,44
945100,81,Pasture/Hay,231.862,0
938248,21,"Developed, Open Space",419.198,6
945123,21,"Developed, Open Space",167.995,15
945124,21,"Developed, Open Space",183.677,0
945118,41,Deciduous Forest,358.487,0
938291,24,"Developed, High Intensity",261.011,91
945126,22,"Developed, Low Intensity",197.613,5
938293,41,Deciduous Forest,332.326,0
938295,41,Deciduous Forest,257.146,0
938498,81,Pasture/Hay,369.722,0
938556,23,"Developed, Medium Intensity",265.909,71
938564,81,Pasture/Hay,379.549,0
945129,81,Pasture/Hay,298.525,0
938587,24,"Developed, High Intensity",305.439,81
938588,21,"Developed, Open Space",203.29,17
938589,41,Deciduous Forest,368.63,0
938829,21,"Developed, Open Space",231.118,15
938832,21,"Developed, Open Space",289.254,15
938838,31,Barren Land,306.754,0
938845,41,Deciduous Forest,271.179,0
938847,21,"Developed, Open Space",221.827,26
938848,41,Deciduous Forest,315.685,0
938851,21,"Developed, Open Space",259.754,9
938304,41,Deciduous Forest,235.695,0
938305,21,"Developed, Open Space",237.465,31
938306,41,Deciduous Forest,220.189,0
938308,81,Pasture/Hay,202.541,0
938309,22,"Developed, Low Intensity",240.183,43
950850,41,Deciduous Forest,345.615,0
950864,41,Deciduous Forest,445.993,0
950857,21,"Developed, Open Space",353.154,7
950854,22,"Developed, Low Intensity",333.719,27
950858,41,Deciduous Forest,473.701,0
950859,21,"Developed, Open Space",392.74,18
950860,22,"Developed, Low Intensity",365.045,38
952848,41,Deciduous Forest,265.247,0
949762,90,Woody Wetlands,123.605,0
953992,82,Cultivated Crops,126.136,0
962806,43,Mixed Forest,192.481,0
962808,21,"Developed, Open Space",252.995,8
962809,81,Pasture/Hay,201.752,0
962834,41,Deciduous Forest,167.407,0
963057,81,Pasture/Hay,201.923,0
962843,23,"Developed, Medium Intensity",263.083,0
963055,22,"Developed, Low Intensity",156.355,29
963056,24,"Developed, High Intensity",228.759,80
963054,82,Cultivated Crops,180.338,0
963052,41,Deciduous Forest,123.039,0
963051,23,"Developed, Medium Intensity",222.506,35
963049,23,"Developed, Medium Intensity",169.411,0
963048,22,"Developed, Low Intensity",159.398,24
963047,41,Deciduous Forest,233.614,0
963043,41,Deciduous Forest,259.819,0
963046,21,"Developed, Open Space",208.361,7
963045,81,Pasture/Hay,243.179,0
963044,41,Deciduous Forest,220.076,0
953993,21,"Developed, Open Space",167.572,7
953994,81,Pasture/Hay,212.549,0
961284,82,Cultivated Crops,129.455,0
958809,21,"Developed, Open Space",267.441,11
957848,41,Deciduous Forest,317.724,0
958972,41,Deciduous Forest,292.787,0
970178,41,Deciduous Forest,200.311,0
956434,23,"Developed, Medium Intensity",199.935,59
957850,41,Deciduous Forest,226.461,0
956433,24,"Developed, High Intensity",204.22,86
956430,41,Deciduous Forest,265.484,0
956422,21,"Developed, Open Space",262.723,0
956418,41,Deciduous Forest,248.532,0
957856,21,"Developed, Open Space",229.273,6
956417,21,"Developed, Open Space",282.907,0
956419,21,"Developed, Open Space",303.501,5
956413,81,Pasture/Hay,360.63,0
956415,81,Pasture/Hay,362.036,0
956416,41,Deciduous Forest,381.83,0
956414,41,Deciduous Forest,345.919,0
956412,81,Pasture/Hay,298.746,0
956375,41,Deciduous Forest,363.971,0
956376,81,Pasture/Hay,380.142,0
956378,43,Mixed Forest,274.753,0
970182,81,Pasture/Hay,251.262,0
953972,43,Mixed Forest,210.986,0
968773,81,Pasture/Hay,230.676,0
962982,41,Deciduous Forest,169.271,0
953973,71,Grassland/Herbaceous,228.398,0
969805,82,Cultivated Crops,143.998,0
961289,23,"Developed, Medium Intensity",155.956,73
970376,21,"Developed, Open Space",292.562,11
970381,23,"Developed, Medium Intensity",305.002,0
970382,21,"Developed, Open Space",260.049,9
970383,24,"Developed, High Intensity",304.989,89
970384,21,"Developed, Open Space",267.028,11
975603,23,"Developed, Medium Intensity",159.356,56
975611,24,"Developed, High Intensity",300.568,59
975605,81,Pasture/Hay,278.424,0
975604,41,Deciduous Forest,266.19,0
975613,23,"Developed, Medium Intensity",138.332,77
975614,23,"Developed, Medium Intensity",134.473,62
975617,24,"Developed, High Intensity",140.042,88
975631,21,"Developed, Open Space",299.56,16
975618,81,Pasture/Hay,260.139,0
964715,23,"Developed, Medium Intensity",209.878,69
964716,23,"Developed, Medium Intensity",227.91,64
964706,41,Deciduous Forest,190.744,0
964709,41,Deciduous Forest,425.496,0
964710,21,"Developed, Open Space",224.028,17
964711,23,"Developed, Medium Intensity",202.093,74
964712,21,"Developed, Open Space",200.876,14
964713,23,"Developed, Medium Intensity",200.867,51
964714,22,"Developed, Low Intensity",195.075,29
965492,81,Pasture/Hay,118.924,0
968466,82,Cultivated Crops,129.034,0
965491,71,Grassland/Herbaceous,201.092,0
964721,43,Mixed Forest,274.031,0
975708,81,Pasture/Hay,205.709,0
964812,24,"Developed, High Intensity",356.226,88
964808,23,"Developed, Medium Intensity",349.907,36
964809,22,"Developed, Low Intensity",349.274,43
968027,81,Pasture/Hay,126.095,0
968022,82,Cultivated Crops,155.652,0
965408,41,Deciduous Forest,224.013,0
973863,41,Deciduous Forest,266.164,0
976057,81,Pasture/Hay,283.757,0
975715,81,Pasture/Hay,282.075,0
975739,81,Pasture/Hay,253.427,0
976230,22,"Developed, Low Intensity",214.335,35
976149,41,Deciduous Forest,268.572,0
976151,41,Deciduous Forest,323.722,0
976150,21,"Developed, Open Space",278.892,7
976157,41,Deciduous Forest,299.447,0
976184,41,Deciduous Forest,312.45,0
976170,81,Pasture/Hay,251.455,0
976179,41,Deciduous Forest,283.175,0
976185,41,Deciduous Forest,283.458,0
976191,81,Pasture/Hay,253.589,0
976186,23,"Developed, Medium Intensity",230.145,76
976188,81,Pasture/Hay,212.521,0
976192,81,Pasture/Hay,200.248,0
975716,23,"Developed, Medium Intensity",293.79,71
976218,22,"Developed, Low Intensity",201.767,34
976215,81,Pasture/Hay,214.279,0
976219,41,Deciduous Forest,422.135,0
975741,23,"Developed, Medium Intensity",268.055,0
976222,22,"Developed, Low Intensity",263.962,27
981054,81,Pasture/Hay,239.423,0
981055,82,Cultivated Crops,265.715,0
981056,82,Cultivated Crops,245.007,0
966130,21,"Developed, Open Space",224.476,16
966126,21,"Developed, Open Space",392.397,0
966125,23,"Developed, Medium Intensity",367.087,30
981057,81,Pasture/Hay,252.37,0
981058,21,"Developed, Open Space",255.655,17
981059,81,Pasture/Hay,279.695,0
981060,82,Cultivated Crops,205.286,0
981061,24,"Developed, High Intensity",241.732,80
981706,22,"Developed, Low Intensity",237.365,36
981705,41,Deciduous Forest,263.052,0
981707,41,Deciduous Forest,304.805,0
981709,41,Deciduous Forest,323.48,0
971615,23,"Developed, Medium Intensity",121.095,56
975043,82,Cultivated Crops,108.762,0
971616,21,"Developed, Open Space",150.593,17
981062,24,"Developed, High Intensity",138.506,89
969985,21,"Developed, Open Space",214.927,8
981696,21,"Developed, Open Space",268.896,9
981698,21,"Developed, Open Space",215.868,13
981702,41,Deciduous Forest,267.774,0
981703,21,"Developed, Open Space",207.993,9
981704,41,Deciduous Forest,244.023,0
981069,22,"Developed, Low Intensity",226.674,40
971612,23,"Developed, Medium Intensity",122.476,66
971614,82,Cultivated Crops,117.897,0
987347,81,Pasture/Hay,280.684,0
987351,42,Evergreen Forest,243.215,0
987346,41,Deciduous Forest,277.373,0
985760,22,"Developed, Low Intensity",195.75,43
985761,21,"Developed, Open Space",217.631,0
985762,22,"Developed, Low Intensity",230.671,30
987352,21,"Developed, Open Space",218.703,9
985763,41,Deciduous Forest,186.723,0
989268,23,"Developed, Medium Intensity",313.223,58
989269,22,"Developed, Low Intensity",303.815,0
989270,23,"Developed, Medium Intensity",298.83,54
989271,81,Pasture/Hay,266.861,0
980786,41,Deciduous Forest,213.506,0
996845,21,"Developed, Open Space",193.433,10
996846,21,"Developed, Open Space",172.728,0
996849,81,Pasture/Hay,256.999,0
1004921,81,Pasture/Hay,188.907,0
1004925,22,"Developed, Low Intensity",212.524,20
1004927,82,Cultivated Crops,234.367,0
1004928,82,Cultivated Crops,204.87,0
1004923,81,Pasture/Hay,252.464,0
1004930,41,Deciduous Forest,215.483,0
1004929,82,Cultivated Crops,231.986,0
1004346,41,Deciduous Forest,249.878,0
1005229,41,Deciduous Forest,328.015,0
1004352,41,Deciduous Forest,319.054,0
1005246,81,Pasture/Hay,371.47,0
1004586,41,Deciduous Forest,397.081,0
1005248,22,"Developed, Low Intensity",222.81,24
1004587,41,Deciduous Forest,269.927,0
1004588,41,Deciduous Forest,303.508,0
1004595,41,Deciduous Forest,329.654,0
1004603,23,"Developed, Medium Intensity",254.721,0
1004604,24,"Developed, High Intensity",212.852,86
1004606,22,"Developed, Low Intensity",226.429,21
1004610,41,Deciduous Forest,224.377,0
1005584,23,"Developed, Medium Intensity",228.894,56
1005219,23,"Developed, Medium Intensity",232.597,48
1004932,41,Deciduous Forest,290.171,0
1004933,81,Pasture/Hay,254.791,0
994156,81,Pasture/Hay,172.956,0
994157,41,Deciduous Forest,233.44,0
994160,43,Mixed Forest,242.89,0
999544,81,Pasture/Hay,228.47,0
1002490,11,Open Water,109.158,0
1002498,24,"Developed, High Intensity",113.193,86
1006624,21,"Developed, Open Space",168.201,11
1002488,21,"Developed, Open Space",142.365,5
1002500,82,Cultivated Crops,103.686,0
1016220,82,Cultivated Crops,242.511,0
1013335,41,Deciduous Forest,129.146,0
1013337,82,Cultivated Crops,125.674,0
1013339,81,Pasture/Hay,130.802,0
1017707,41,Deciduous Forest,194.411,0
1017678,41,Deciduous Forest,263.677,0
1031014,23,"Developed, Medium Intensity",214.572,66
1014503,41,Deciduous Forest,243.252,0
1017717,41,Deciduous Forest,315.599,0
1017718,41,Deciduous Forest,262.1,0
1014504,81,Pasture/Hay,268.321,0
1017721,41,Deciduous Forest,359.958,0
1017675,21,"Developed, Open Space",285.397,14
1017712,81,Pasture/Hay,188.378,0
1068889,41,Deciduous Forest,274.975,0
1028673,23,"Developed, Medium Intensity",246.124,14
1028059,21,"Developed, Open Space",354.06,10
1028030,23,"Developed, Medium Intensity",312.424,54
1032597,22,"Developed, Low Intensity",257.938,13
1039008,21,"Developed, Open Space",129.829,13
1048041,21,"Developed, Open Space",292.362,5
1048025,81,Pasture/Hay,292.563,0
1048029,41,Deciduous Forest,266.527,0
1039032,41,Deciduous Forest,137.019,0
1043775,41,Deciduous Forest,283.144,0
1039036,81,Pasture/Hay,141.053,0
1029508,41,Deciduous Forest,322.53,0
1029509,81,Pasture/Hay,340.065,0
1040116,23,"Developed, Medium Intensity",258.883,38
1046294,21,"Developed, Open Space",237.157,12
1046295,41,Deciduous Forest,252.892,0
1046296,11,Open Water,164.68,0
1041990,41,Deciduous Forest,256.549,0
1041991,41,Deciduous Forest,285.489,0
1041992,81,Pasture/Hay,205.624,0
1041993,43,Mixed Forest,269.115,0
1041994,21,"Developed, Open Space",226.101,4
1041997,41,Deciduous Forest,242.132,0
1041995,41,Deciduous Forest,235.249,0
1041999,21,"Developed, Open Space",270.261,18
1042000,22,"Developed, Low Intensity",205.893,32
1042001,41,Deciduous Forest,218.636,0
1048103,71,Grassland/Herbaceous,411.428,0
1048101,41,Deciduous Forest,411.132,0
1049203,41,Deciduous Forest,358.536,0
1048131,41,Deciduous Forest,385.239,0
1048109,41,Deciduous Forest,249.632,0
1049118,41,Deciduous Forest,288.921,0
1049081,41,Deciduous Forest,263.239,0
1049134,41,Deciduous Forest,262.098,0
1048110,24,"Developed, High Intensity",209.083,81
1049130,41,Deciduous Forest,355.041,0
1049192,41,Deciduous Forest,355.982,0
1049145,43,Mixed Forest,394.551,0
1049184,41,Deciduous Forest,327.984,0
1048111,41,Deciduous Forest,265.828,0
1049108,41,Deciduous Forest,299.282,0
1049197,41,Deciduous Forest,561.042,0
1049202,41,Deciduous Forest,632.918,0
1049115,23,"Developed, Medium Intensity",218.861,60
1046304,41,Deciduous Forest,357.795,0
1049154,41,Deciduous Forest,369.548,0
1049189,41,Deciduous Forest,445.358,0
1049413,23,"Developed, Medium Intensity",194.996,74
1049385,41,Deciduous Forest,347.921,0
1049408,41,Deciduous Forest,533.677,0
1049400,43,Mixed Forest,345.337,0
1039741,22,"Developed, Low Intensity",195.654,36
1039743,81,Pasture/Hay,193.125,0
1041047,23,"Developed, Medium Intensity",203.907,0
1041046,41,Deciduous Forest,248.671,0
1041041,41,Deciduous Forest,315.364,0
1041043,22,"Developed, Low Intensity",315.439,31
1041042,22,"Developed, Low Intensity",296.064,34
1041044,81,Pasture/Hay,287.964,0
1041045,21,"Developed, Open Space",298.994,0
1041048,23,"Developed, Medium Intensity",214.412,76
1041049,22,"Developed, Low Intensity",310.592,25
1040712,23,"Developed, Medium Intensity",389.925,60
1040718,21,"Developed, Open Space",333.565,38
1040733,41,Deciduous Forest,345.123,0
1040708,21,"Developed, Open Space",312.19,5
1040734,41,Deciduous Forest,288.991,0
1040736,21,"Developed, Open Space",200.713,17
1040740,41,Deciduous Forest,368.738,0
1049299,81,Pasture/Hay,151.564,0
1049301,41,Deciduous Forest,136.965,0
1053145,22,"Developed, Low Intensity",196.299,21
1053149,81,Pasture/Hay,205.13,0
1053147,23,"Developed, Medium Intensity",317.149,57
1053150,81,Pasture/Hay,189.276,0
1053148,41,Deciduous Forest,420.012,0
1053143,21,"Developed, Open Space",275.663,0
1053144,81,Pasture/Hay,294.513,0
1053146,22,"Developed, Low Intensity",282.99,21
1046446,21,"Developed, Open Space",312.284,14
1046445,22,"Developed, Low Intensity",275.748,41
1046447,81,Pasture/Hay,217.58,0
1046452,23,"Developed, Medium Intensity",154.561,79
1046055,21,"Developed, Open Space",302.282,4
1046054,23,"Developed, Medium Intensity",349.436,25
1046059,43,Mixed Forest,309.067,0
1046061,41,Deciduous Forest,317.419,0
1046063,41,Deciduous Forest,294.234,0
1046471,23,"Developed, Medium Intensity",199.624,65
1046056,21,"Developed, Open Space",335.806,14
1046473,41,Deciduous Forest,289.956,0
1046058,22,"Developed, Low Intensity",355.328,37
1046453,81,Pasture/Hay,247.502,0
1046066,41,Deciduous Forest,317.991,0
1046067,81,Pasture/Hay,263.068,0
1046069,81,Pasture/Hay,313.095,0
1046068,43,Mixed Forest,336.958,0
1053227,41,Deciduous Forest,385.306,0
1053224,21,"Developed, Open Space",319.622,14
1053183,43,Mixed Forest,458.623,0
1049729,23,"Developed, Medium Intensity",144.861,58
1051575,43,Mixed Forest,207.046,0
1051579,81,Pasture/Hay,208.558,0
1051720,41,Deciduous Forest,141.406,0
1058146,24,"Developed, High Intensity",207.345,88
1051686,23,"Developed, Medium Intensity",147.91,78
1051687,41,Deciduous Forest,231.225,0
1058147,81,Pasture/Hay,149.643,0
1051721,82,Cultivated Crops,121.617,0
1058148,22,"Developed, Low Intensity",208.776,38
1058149,22,"Developed, Low Intensity",185.552,37
1058152,21,"Developed, Open Space",225.173,17
1058153,22,"Developed, Low Intensity",255.374,0
1058154,22,"Developed, Low Intensity",205.168,30
1071167,81,Pasture/Hay,153.426,0
1071168,21,"Developed, Open Space",202.462,10
1071169,21,"Developed, Open Space",155.455,9
1071170,21,"Developed, Open Space",213.562,19
1070805,82,Cultivated Crops,137.919,0
1070812,41,Deciduous Forest,139.795,0
1070818,82,Cultivated Crops,161.747,0
1071178,21,"Developed, Open Space",135.649,11
1071179,23,"Developed, Medium Intensity",124.843,78
1070820,41,Deciduous Forest,162.493,0
1071171,21,"Developed, Open Space",150.101,7
1071173,22,"Developed, Low Intensity",213.455,31
1071175,22,"Developed, Low Intensity",208.729,27
1071174,81,Pasture/Hay,197.798,0
1071184,81,Pasture/Hay,202.313,0
1071182,21,"Developed, Open Space",191.919,5
1071176,81,Pasture/Hay,248.319,0
1071264,21,"Developed, Open Space",153.806,5
1071266,21,"Developed, Open Space",131.324,11
1071267,22,"Developed, Low Intensity",213.593,10
1071269,22,"Developed, Low Intensity",216.944,41
1071309,41,Deciduous Forest,166.746,0
1071274,23,"Developed, Medium Intensity",161.689,58
1071271,22,"Developed, Low Intensity",189.271,22
1071270,21,"Developed, Open Space",145.823,0
1071289,23,"Developed, Medium Intensity",190.154,54
1071290,23,"Developed, Medium Intensity",158.204,37
1071302,41,Deciduous Forest,268.432,0
1071303,23,"Developed, Medium Intensity",291.848,0
1071305,81,Pasture/Hay,261.858,0
1071307,22,"Developed, Low Intensity",224.215,11
1063421,81,Pasture/Hay,213.725,0
1063965,41,Deciduous Forest,191.193,0
1063423,21,"Developed, Open Space",211.742,6
1063966,81,Pasture/Hay,198.464,0
1071308,41,Deciduous Forest,202.238,0
1063967,43,Mixed Forest,263.345,0
1064550,43,Mixed Forest,242.81,0
1063970,41,Deciduous Forest,226.985,0
1063969,41,Deciduous Forest,203.425,0
1063427,41,Deciduous Forest,136.208,0
1063434,82,Cultivated Crops,181.184,0
1078729,21,"Developed, Open Space",117.131,12
1075680,82,Cultivated Crops,118.845,0
1082501,21,"Developed, Open Space",178.848,18
1082502,21,"Developed, Open Space",165.048,13
1082504,41,Deciduous Forest,131.423,0
1075681,81,Pasture/Hay,135.069,0
1075682,81,Pasture/Hay,152.687,0
1082505,21,"Developed, Open Space",141.753,17
1082513,22,"Developed, Low Intensity",249.069,30
1075684,23,"Developed, Medium Intensity",168.189,66
1082515,22,"Developed, Low Intensity",133.089,22
1082516,21,"Developed, Open Space",152.085,17
1082517,82,Cultivated Crops,133.454,0
1082518,21,"Developed, Open Space",182.268,7
1082519,22,"Developed, Low Intensity",227.52,38
1083323,22,"Developed, Low Intensity",259.255,17
1082940,82,Cultivated Crops,110.633,0
1082949,23,"Developed, Medium Intensity",120.376,61
1082941,41,Deciduous Forest,142.154,0
1082942,90,Woody Wetlands,98.0604,0
1082944,82,Cultivated Crops,144.739,0
1082934,90,Woody Wetlands,108.101,0
1082945,90,Woody Wetlands,101.561,0
1082947,82,Cultivated Crops,132.231,0
1085394,82,Cultivated Crops,129.047,0
1082943,41,Deciduous Forest,128.398,0
1085393,82,Cultivated Crops,113.731,0
1084604,41,Deciduous Forest,141.719,0
1085398,82,Cultivated Crops,143.718,0
1084605,82,Cultivated Crops,166.345,0
1084606,41,Deciduous Forest,138.04,0
1093986,23,"Developed, Medium Intensity",377.126,22
1093987,22,"Developed, Low Intensity",360.879,23
1102490,81,Pasture/Hay,165.534,0
1119261,23,"Developed, Medium Intensity",179.949,0
1115236,22,"Developed, Low Intensity",204.177,49
1119188,95,Emergent Herbaceous Wetlands,117.066,0
1102484,90,Woody Wetlands,119.838,0
1119190,82,Cultivated Crops,175.861,0
1124113,22,"Developed, Low Intensity",290.259,40
1128824,22,"Developed, Low Intensity",185.403,7
1128825,21,"Developed, Open Space",209.562,3
1128827,41,Deciduous Forest,208.395,0
1128831,21,"Developed, Open Space",154.754,9
1116248,81,Pasture/Hay,148.793,0
1116250,22,"Developed, Low Intensity",267.791,25
1102154,82,Cultivated Crops,121.473,0
1102165,82,Cultivated Crops,164.164,0
1102183,11,Open Water,91.8801,0
1102181,41,Deciduous Forest,113.194,0
1102170,82,Cultivated Crops,126.455,0
1102172,41,Deciduous Forest,136.154,0
1102178,82,Cultivated Crops,112.178,0
1102185,41,Deciduous Forest,122.196,0
1108789,41,Deciduous Forest,128.615,0
1108793,23,"Developed, Medium Intensity",151.388,76
1117240,23,"Developed, Medium Intensity",250.767,0
1128926,22,"Developed, Low Intensity",221.491,43
1128927,22,"Developed, Low Intensity",189.213,22
1128929,21,"Developed, Open Space",245.755,11
1128930,82,Cultivated Crops,223.968,0
1128931,22,"Developed, Low Intensity",231.121,29
1128932,81,Pasture/Hay,237.881,0
1121608,82,Cultivated Crops,103.517,0
1122681,82,Cultivated Crops,97.7863,0
1122686,81,Pasture/Hay,123.747,0
1128432,41,Deciduous Forest,135.369,0
1122731,41,Deciduous Forest,137.357,0
1122732,82,Cultivated Crops,143.749,0
1126961,11,Open Water,105.0,0
1126965,23,"Developed, Medium Intensity",151.388,76
1126968,82,Cultivated Crops,171.535,0
1126970,82,Cultivated Crops,164.689,0
1133994,23,"Developed, Medium Intensity",183.527,0
1139018,24,"Developed, High Intensity",343.662,89
1139020,23,"Developed, Medium Intensity",345.847,68
1139022,22,"Developed, Low Intensity",343.415,34
1133996,21,"Developed, Open Space",167.572,7
1137218,81,Pasture/Hay,201.661,0
1156474,41,Deciduous Forest,329.375,0
1156475,43,Mixed Forest,299.026,0
1165562,21,"Developed, Open Space",117.858,13
1176922,41,Deciduous Forest,245.711,0
1189061,21,"Developed, Open Space",156.95,4
1176904,23,"Developed, Medium Intensity",181.9,34
1176905,41,Deciduous Forest,197.742,0
1176906,41,Deciduous Forest,258.227,0
1176907,22,"Developed, Low Intensity",194.034,40
1176908,41,Deciduous Forest,244.368,0
1184016,41,Deciduous Forest,165.759,0
1183969,82,Cultivated Crops,115.388,0
1184049,43,Mixed Forest,151.675,0
1183973,21,"Developed, Open Space",116.714,9
1184087,81,Pasture/Hay,160.93,0
1188682,41,Deciduous Forest,156.031,0
1188683,81,Pasture/Hay,150.659,0
1188684,22,"Developed, Low Intensity",177.572,46
1188685,21,"Developed, Open Space",184.396,8
1188687,21,"Developed, Open Space",197.513,8
1188688,22,"Developed, Low Intensity",176.93,0
1188689,21,"Developed, Open Space",186.792,7
1182122,90,Woody Wetlands,117.151,0
1188730,82,Cultivated Crops,195.64,0
1181224,23,"Developed, Medium Intensity",285.775,50
1184229,22,"Developed, Low Intensity",136.834,53
1184095,81,Pasture/Hay,132.849,0
1181255,22,"Developed, Low Intensity",360.243,24
1186151,81,Pasture/Hay,172.637,0
1186158,41,Deciduous Forest,153.728,0
1188049,82,Cultivated Crops,159.045,0
1188056,41,Deciduous Forest,161.774,0
1188099,82,Cultivated Crops,113.562,0
1188073,82,Cultivated Crops,119.228,0
1188060,41,Deciduous Forest,129.3,0
1188101,82,Cultivated Crops,120.796,0
1193664,41,Deciduous Forest,123.013,0
1191082,81,Pasture/Hay,166.323,0
1191083,43,Mixed Forest,196.781,0
1191086,24,"Developed, High Intensity",138.496,81
1181815,23,"Developed, Medium Intensity",166.152,72
1206804,23,"Developed, Medium Intensity",136.466,78
1203284,82,Cultivated Crops,117.624,0
1203281,82,Cultivated Crops,114.42,0
1203286,21,"Developed, Open Space",133.329,17
1203283,41,Deciduous Forest,147.071,0
1203282,22,"Developed, Low Intensity",138.609,22
1203285,82,Cultivated Crops,132.929,0
1203243,23,"Developed, Medium Intensity",161.254,0
1206852,21,"Developed, Open Space",221.808,0
1206853,21,"Developed, Open Space",261.692,8
1206855,21,"Developed, Open Space",207.585,11
1206923,21,"Developed, Open Space",180.709,8
1204720,41,Deciduous Forest,350.078,0
1204729,41,Deciduous Forest,336.497,0
1204734,41,Deciduous Forest,319.639,0
1206943,21,"Developed, Open Space",261.779,4
1206946,22,"Developed, Low Intensity",239.272,23
1206947,21,"Developed, Open Space",204.242,10
1211191,41,Deciduous Forest,340.73,0
1211193,22,"Developed, Low Intensity",291.976,25
1211192,22,"Developed, Low Intensity",290.128,38
1200418,22,"Developed, Low Intensity",199.852,4
1200419,41,Deciduous Forest,174.523,0
1200420,71,Grassland/Herbaceous,202.891,0
1218307,21,"Developed, Open Space",335.9,10
1217187,21,"Developed, Open Space",207.205,18
1217186,41,Deciduous Forest,238.112,0
1217190,22,"Developed, Low Intensity",162.483,30
1229909,82,Cultivated Crops,118.922,0
1229921,82,Cultivated Crops,101.268,0
1229929,90,Woody Wetlands,107.399,0
1229931,82,Cultivated Crops,133.987,0
1229930,82,Cultivated Crops,118.47,0
1235029,82,Cultivated Crops,170.542,0
1236385,82,Cultivated Crops,214.343,0
1236251,82,Cultivated Crops,116.626,0
1236546,82,Cultivated Crops,123.521,0
1236232,82,Cultivated Crops,168.308,0
1236559,82,Cultivated Crops,99.7235,0
1237989,21,"Developed, Open Space",197.024,15
1238011,21,"Developed, Open Space",167.321,6
1236137,82,Cultivated Crops,144.677,0
1236386,41,Deciduous Forest,150.526,0
1237990,22,"Developed, Low Intensity",181.978,21
1237992,81,Pasture/Hay,234.201,0
1236235,41,Deciduous Forest,151.52,0
1235578,81,Pasture/Hay,174.871,0
1236548,82,Cultivated Crops,100.284,0
1236650,90,Woody Wetlands,103.274,0
1237991,21,"Developed, Open Space",212.592,9
1236387,82,Cultivated Crops,136.43,0
1236388,82,Cultivated Crops,159.078,0
1238024,21,"Developed, Open Space",238.787,4
1235577,82,Cultivated Crops,172.102,0
1236139,21,"Developed, Open Space",157.786,18
1237372,81,Pasture/Hay,137.736,0
1236566,82,Cultivated Crops,90.3097,0
1236598,82,Cultivated Crops,105.862,0
1236867,82,Cultivated Crops,136.16,0
1237869,82,Cultivated Crops,122.677,0
1236389,41,Deciduous Forest,129.754,0
1236390,41,Deciduous Forest,127.816,0
1236135,41,Deciduous Forest,158.104,0
1236658,82,Cultivated Crops,121.793,0
1237358,41,Deciduous Forest,152.337,0
1238006,21,"Developed, Open Space",212.129,7
1236252,82,Cultivated Crops,121.802,0
1236612,22,"Developed, Low Intensity",103.716,22
1237337,41,Deciduous Forest,145.972,0
1236584,81,Pasture/Hay,141.203,0
1236541,82,Cultivated Crops,139.398,0
1237355,82,Cultivated Crops,115.731,0
1237377,82,Cultivated Crops,121.216,0
1237374,22,"Developed, Low Intensity",109.691,32
1237388,22,"Developed, Low Intensity",115.976,27
1230212,41,Deciduous Forest,129.57,0
1236868,81,Pasture/Hay,103.03,0
1236693,41,Deciduous Forest,117.676,0
1236694,81,Pasture/Hay,105.348,0
1230214,90,Woody Wetlands,108.138,0
1237360,82,Cultivated Crops,114.309,0
1237356,81,Pasture/Hay,122.762,0
1287244,81,Pasture/Hay,205.858,0
1236544,90,Woody Wetlands,100.601,0
1238004,23,"Developed, Medium Intensity",135.51,51
1236440,21,"Developed, Open Space",188.713,11
1236537,82,Cultivated Crops,129.392,0
1287236,81,Pasture/Hay,254.407,0
1238003,21,"Developed, Open Space",142.466,8
1236398,81,Pasture/Hay,187.001,0
1236394,21,"Developed, Open Space",194.379,5
1236136,82,Cultivated Crops,139.184,0
1238002,21,"Developed, Open Space",199.088,17
1238001,81,Pasture/Hay,247.589,0
1238000,21,"Developed, Open Space",221.04,10
1229943,21,"Developed, Open Space",230.131,6
1231561,81,Pasture/Hay,257.915,0
1229942,41,Deciduous Forest,243.116,0
1229941,82,Cultivated Crops,198.535,0
1238021,23,"Developed, Medium Intensity",238.242,55
1236451,41,Deciduous Forest,189.715,0
1238014,43,Mixed Forest,145.761,0
1237995,22,"Developed, Low Intensity",205.01,29
1229940,21,"Developed, Open Space",175.268,6
1229939,21,"Developed, Open Space",197.764,4
1245600,41,Deciduous Forest,281.237,0
1245601,81,Pasture/Hay,303.554,0
1258926,81,Pasture/Hay,225.254,0
1258927,81,Pasture/Hay,246.846,0
1259147,81,Pasture/Hay,181.624,0
1258928,41,Deciduous Forest,207.445,0
1258929,41,Deciduous Forest,342.36,0
1258931,81,Pasture/Hay,282.048,0
1258932,22,"Developed, Low Intensity",191.321,0
1258930,41,Deciduous Forest,212.961,0
1274739,21,"Developed, Open Space",267.308,5
1258933,82,Cultivated Crops,194.895,0
1258934,11,Open Water,127.803,0
1258935,23,"Developed, Medium Intensity",148.484,69
1258936,21,"Developed, Open Space",218.714,0
1258941,21,"Developed, Open Space",130.429,0
1258942,81,Pasture/Hay,140.633,0
1258943,81,Pasture/Hay,174.099,0
1258937,22,"Developed, Low Intensity",148.034,2
1258939,24,"Developed, High Intensity",140.081,87
1258940,81,Pasture/Hay,290.769,0
1258944,41,Deciduous Forest,229.474,0
1258945,81,Pasture/Hay,193.751,0
1258946,81,Pasture/Hay,213.337,0
1258947,82,Cultivated Crops,148.386,0
1258948,81,Pasture/Hay,250.216,0
1258949,81,Pasture/Hay,259.65,0
1258950,41,Deciduous Forest,331.201,0
1258952,41,Deciduous Forest,192.581,0
1258951,81,Pasture/Hay,270.372,0
1274745,23,"Developed, Medium Intensity",281.629,64
1258953,21,"Developed, Open Space",211.036,8
1274875,22,"Developed, Low Intensity",203.639,23
1274773,22,"Developed, Low Intensity",196.434,24
1274750,22,"Developed, Low Intensity",265.261,36
1258954,22,"Developed, Low Intensity",148.337,30
1259199,24,"Developed, High Intensity",232.656,84
1274748,22,"Developed, Low Intensity",190.354,24
1274877,21,"Developed, Open Space",305.429,13
1258955,82,Cultivated Crops,247.153,0
1242852,23,"Developed, Medium Intensity",175.523,75
1242853,41,Deciduous Forest,182.868,0
1242854,41,Deciduous Forest,201.766,0
1245435,41,Deciduous Forest,289.754,0
1274881,22,"Developed, Low Intensity",230.874,31
1242878,41,Deciduous Forest,171.565,0
1242881,41,Deciduous Forest,193.508,0
1242880,41,Deciduous Forest,250.77,0
1258958,81,Pasture/Hay,253.693,0
1258959,81,Pasture/Hay,257.395,0
1258960,22,"Developed, Low Intensity",203.495,27
1258961,41,Deciduous Forest,186.206,0
1277540,22,"Developed, Low Intensity",134.337,28
1258969,81,Pasture/Hay,202.842,0
1258962,82,Cultivated Crops,186.077,0
1258966,81,Pasture/Hay,209.869,0
1258963,21,"Developed, Open Space",141.127,0
1258964,21,"Developed, Open Space",180.831,0
1277349,23,"Developed, Medium Intensity",138.612,0
1258967,21,"Developed, Open Space",224.576,0
1258968,21,"Developed, Open Space",215.257,15
1258973,21,"Developed, Open Space",135.658,0
1258975,81,Pasture/Hay,251.577,0
1258976,41,Deciduous Forest,232.998,0
1258974,22,"Developed, Low Intensity",180.441,0
1258970,41,Deciduous Forest,128.056,0
1258971,82,Cultivated Crops,187.558,0
1258972,21,"Developed, Open Space",141.499,8
1246691,42,Evergreen Forest,211.052,0
1246709,41,Deciduous Forest,268.255,0
1251092,41,Deciduous Forest,248.358,0
1292952,23,"Developed, Medium Intensity",194.164,59
1292951,23,"Developed, Medium Intensity",203.605,54
1292873,21,"Developed, Open Space",242.629,4
1291959,21,"Developed, Open Space",218.747,6
1292711,21,"Developed, Open Space",208.627,9
1272575,22,"Developed, Low Intensity",159.243,21
1267538,81,Pasture/Hay,150.576,0
1252143,22,"Developed, Low Intensity",197.097,49
1252146,41,Deciduous Forest,250.291,0
1262678,24,"Developed, High Intensity",165.387,89
1262681,81,Pasture/Hay,209.493,0
1271649,22,"Developed, Low Intensity",172.961,48
1271652,22,"Developed, Low Intensity",172.001,42
1271654,21,"Developed, Open Space",147.449,10
1271656,81,Pasture/Hay,232.851,0
1292625,21,"Developed, Open Space",248.294,12
1271660,23,"Developed, Medium Intensity",239.981,56
1271662,22,"Developed, Low Intensity",213.529,40
1271665,24,"Developed, High Intensity",214.716,85
1271669,23,"Developed, Medium Intensity",217.027,75
1271670,22,"Developed, Low Intensity",182.876,33
1266994,81,Pasture/Hay,210.94,0
1270911,23,"Developed, Medium Intensity",288.784,0
1270959,23,"Developed, Medium Intensity",186.252,64
1270962,82,Cultivated Crops,226.754,0
1270965,82,Cultivated Crops,236.8,0
1270967,21,"Developed, Open Space",205.848,14
1270968,21,"Developed, Open Space",162.327,11
1266031,22,"Developed, Low Intensity",181.058,24
1266037,23,"Developed, Medium Intensity",206.014,54
1266050,21,"Developed, Open Space",171.048,3
1266052,23,"Developed, Medium Intensity",168.153,78
1266053,21,"Developed, Open Space",170.957,19
1266054,22,"Developed, Low Intensity",202.414,33
1290068,22,"Developed, Low Intensity",118.74,44
1294806,22,"Developed, Low Intensity",123.999,36
1268507,41,Deciduous Forest,244.921,0
1275331,24,"Developed, High Intensity",139.156,88
1275292,22,"Developed, Low Intensity",192.586,45
1275293,23,"Developed, Medium Intensity",225.919,65
1304116,21,"Developed, Open Space",103.137,19
1275294,22,"Developed, Low Intensity",194.579,25
1275295,22,"Developed, Low Intensity",191.304,37
1273610,21,"Developed, Open Space",165.842,4
1273616,41,Deciduous Forest,239.028,0
1268508,41,Deciduous Forest,286.986,0
1289969,23,"Developed, Medium Intensity",110.16,64
1293706,82,Cultivated Crops,121.256,0
1287795,41,Deciduous Forest,178.337,0
1287796,41,Deciduous Forest,195.306,0
1295856,24,"Developed, High Intensity",142.437,91
1295857,23,"Developed, Medium Intensity",139.067,70
1297630,23,"Developed, Medium Intensity",139.046,69
1297631,23,"Developed, Medium Intensity",135.776,56
1297632,81,Pasture/Hay,186.591,0
1297629,24,"Developed, High Intensity",139.413,89
1295858,81,Pasture/Hay,296.873,0
1295859,21,"Developed, Open Space",257.46,17
1295860,22,"Developed, Low Intensity",267.106,47
